"Rank","Player","TACKLE","ASSIST","SACK","PD","INT","FF","FR","DEF TD","G","FPTS","FPTS/G","ROST"
"1","Dante Fowler Jr. (WAS)","2","0","1","1","1","0","0","1","1","22.0","22.0","10.4%"
"2","Sam Hubbard (CIN)","3","0","1","1","1","1","0","0","1","21.5","21.5","13.7%"
"3","Dexter Lawrence II (NYG)","5","0","2","0","0","0","0","0","1","20.5","20.5","18.4%"
"4","Trey Hendrickson (CIN)","2","1","2","1","0","0","0","0","1","18.3","18.3","28.1%"
"5","Jalen Carter (PHI)","3","1","2","0","0","0","0","0","1","18.3","18.3","12.7%"
"6","Yaya Diaby (TB)","5","0","1","0","0","0","0","0","1","16.5","16.5","2.7%"
"7","A.J. Epenesa (BUF)","2","1","1","1","0","1","0","0","1","15.8","15.8","2.1%"
"8","Tim Settle Jr. (HOU)","4","0","1","0","0","0","0","0","1","15.0","15.0","0.6%"
"9","Jonathan Greenard (MIN)","2","2","1","0","0","1","0","0","1","15.0","15.0","17.3%"
"10","Calais Campbell (MIA)","5","0","0","0","0","0","0","0","1","15.0","15.0","6.4%"
"11","Boye Mafe (SEA)","2","1","1","0","0","1","0","0","1","14.3","14.3","9.6%"
"12","Dre'Mont Jones (SEA)","2","0","1","1","0","0","0","0","1","13.5","13.5","0.7%"
"13","Brian Burns (NYG)","3","1","1","1","0","0","0","0","1","13.3","13.3","27.9%"
"14","Josh Paschal (DET)","4","0","1","0","0","0","0","0","1","12.5","12.5","0.3%"
"15","Will McDonald IV (NYJ)","3","0","1","1","0","0","0","0","1","12.5","12.5","9.5%"
"16","Michael Hoecht (LAR)","3","3","1","1","0","0","0","0","1","12.3","12.3","1.3%"
"17","Arden Key (TEN)","2","0","1","0","0","0","0","0","1","12.0","12.0","3.2%"
"18","Nolan Smith Jr. (PHI)","2","0","1","0","0","0","0","0","1","12.0","12.0","1.9%"
"19","Derick Hall (SEA)","1","0","0","0","0","0","1","1","1","11.5","11.5","3.3%"
"20","Odafe Oweh (BAL)","2","2","1","0","0","0","0","0","1","11.0","11.0","3.7%"
"21","Maxx Crosby (LV)","1","2","1","1","0","0","0","0","1","11.0","11.0","60.7%"
"22","Javon Kinlaw (NYJ)","5","1","0","0","0","0","0","0","1","10.8","10.8","0.3%"
"23","Isaiah McGuire (CLE)","2","4","0.5","0","0","0","0","0","1","10.5","10.5","0.1%"
"24","Laiatu Latu (IND)","2","1","1","0","0","0","0","0","1","10.3","10.3","6.2%"
"25","Travon Walker (JAC)","2","1","1","0","0","0","0","0","1","10.3","10.3","19.5%"
"26","George Karlaftis III (KC)","2","1","1","0","0","0","0","0","1","10.3","10.3","9.2%"
"27","Leonard Williams (SEA)","2","1","1","0","0","0","0","0","1","10.3","10.3","6.2%"
"28","Sheldon Rankins (CIN)","2","1","1","0","0","0","0","0","1","10.3","10.3","0.2%"
"29","Dawuane Smoot (BUF)","3","1","0.5","0","0","0","0","0","1","9.8","9.8","0.0%"
"30","Christian Elliss (NE)","4","5","0","0","0","0","0","0","1","9.8","9.8","2.1%"
"31","Danielle Hunter (HOU)","2","0","1","0","0","0","0","0","1","9.5","9.5","45.7%"
"32","Nik Bonitto (DEN)","1","2","1","0","0","0","0","0","1","9.5","9.5","3.7%"
"33","Naquan Jones (ARI)","2","0","1","0","0","0","0","0","1","9.5","9.5","0.1%"
"34","Larry Ogunjobi (PIT)","2","0","1","0","0","0","0","0","1","9.5","9.5","0.6%"
"35","Kenny Clark (GB)","2","2","0","0","0","0","0","0","1","9.5","9.5","1.6%"
"36","Josh Sweat (PHI)","1","0","1","1","0","0","0","0","1","9.5","9.5","4.7%"
"37","Jonathan Bullard (MIN)","1","3","0","2","0","0","0","0","1","9.3","9.3","0.3%"
"38","Zach Sieler (MIA)","3","1","0","0","0","0","1","0","1","9.3","9.3","7.3%"
"39","Shelby Harris (CLE)","1","1","1","0","0","0","0","0","1","8.8","8.8","0.6%"
"40","John Franklin-Myers (DEN)","1","1","1","0","0","0","0","0","1","8.8","8.8","0.5%"
"41","Bryce Huff (PHI)","1","1","1","0","0","0","0","0","1","8.8","8.8","2.6%"
"42","Calijah Kancey (TB)","3","2","0","0","0","0","0","0","1","8.5","8.5","2.0%"
"43","Myles Garrett (CLE)","4","0","0","0","0","0","0","0","1","8.5","8.5","46.5%"
"44","Rakeem Nunez-Roches (NYG)","3","2","0","0","0","0","0","0","1","8.5","8.5","0.7%"
"45","Grady Jarrett (ATL)","3","2","0","0","0","0","0","0","1","8.5","8.5","2.2%"
"46","Ben Stille (ARI)","1","0","1","0","0","0","0","0","1","8.0","8.0","1.3%"
"47","Will Anderson Jr. (HOU)","1","0","1","0","0","0","0","0","1","8.0","8.0","30.7%"
"48","James Smith-Williams (ATL)","1","0","1","0","0","0","0","0","1","8.0","8.0","0.1%"
"49","DaQuan Jones (BUF)","1","0","1","0","0","0","0","0","1","8.0","8.0","0.1%"
"50","Dante Stills (ARI)","1","0","1","0","0","0","0","0","1","8.0","8.0","1.3%"
"51","Kalia Davis (SF)","1","0","0","1","1","0","0","0","1","8.0","8.0","0.0%"
"52","Charles Harris (CAR)","1","0","1","0","0","0","0","0","1","8.0","8.0","2.1%"
"53","Jarran Reed (SEA)","3","1","0","0","0","0","0","0","1","7.8","7.8","1.6%"
"54","Arnold Ebiketie (ATL)","3","1","0","0","0","0","0","0","1","7.8","7.8","5.5%"
"55","Taven Bryan (IND)","2","1","0","0","0","0","1","0","1","7.8","7.8","0.0%"
"56","Adam Butler (LV)","4","2","0","0","0","0","0","0","1","7.5","7.5","7.3%"
"57","Byron Young (LAR)","4","2","0","0","0","0","0","0","1","7.5","7.5","15.8%"
"58","Greg Rousseau (BUF)","2","3","0.5","0","0","0","0","0","1","7.3","7.3","18.9%"
"59","Teair Tart (LAC)","0","1","0","1","1","0","0","0","1","7.3","7.3","0.0%"
"60","DeWayne Carter (BUF)","3","0","0","0","0","0","0","0","1","7.0","7.0","0.1%"
"61","DaVon Hamilton (JAC)","1","4","0","0","0","0","0","0","1","7.0","7.0","0.4%"
"62","Byron Murphy II (SEA)","2","2","0","0","0","0","0","0","1","7.0","7.0","3.2%"
"63","Carl Granderson (NO)","3","0","0","0","0","0","0","0","1","7.0","7.0","12.4%"
"64","Jared Verse (LAR)","2","2","0","0","0","0","0","0","1","7.0","7.0","20.4%"
"65","Da'Shawn Hand (MIA)","3","0","0","0","0","0","0","0","1","7.0","7.0","0.2%"
"66","Jaquelin Roy (NE)","4","1","0","0","0","0","0","0","1","6.8","6.8","0.1%"
"67","Neville Gallimore (LAR)","3","3","0","0","0","0","0","0","1","6.8","6.8","0.0%"
"68","Maliek Collins (SF)","2","2","0.5","0","0","0","0","0","1","6.5","6.5","1.7%"
"69","Ed Oliver (BUF)","1","1","0","0","0","1","0","0","1","6.3","6.3","4.3%"
"70","Grover Stewart (IND)","1","3","0","0","0","0","0","0","1","6.3","6.3","5.2%"
"71","Keeanu Benton (PIT)","2","0","0","2","0","0","0","0","1","6.0","6.0","0.3%"
"72","Nick Bosa (SF)","2","1","0.5","0","0","0","0","0","1","5.8","5.8","53.8%"
"73","Bobby Brown III (LAR)","1","2","0","0","0","0","0","0","1","5.5","5.5","0.2%"
"74","Folorunso Fatukasi (HOU)","2","0","0","0","0","0","0","0","1","5.5","5.5","0.7%"
"75","Dalvin Tomlinson (CLE)","2","0","0","0","0","0","0","0","1","5.5","5.5","0.2%"
"76","Jeremiah Ledbetter (JAC)","2","0","0","0","0","0","0","0","1","5.5","5.5","0.1%"
"77","Otito Ogbonnia (LAC)","3","1","0","0","0","0","0","0","1","5.3","5.3","0.1%"
"78","Jordan Elliott (SF)","3","1","0","0","0","0","0","0","1","5.3","5.3","0.1%"
"79","Brent Urban (BAL)","3","1","0","0","0","0","0","0","1","5.3","5.3","0.0%"
"80","Roy Robertson-Harris (SEA)","2","3","0","0","0","0","0","0","1","5.3","5.3","0.1%"
"81","Joseph Ossai (CIN)","3","1","0","0","0","0","0","0","1","5.3","5.3","0.6%"
"82","Zach Allen (DEN)","1","2","0.5","0","0","0","0","0","1","5.0","5.0","15.2%"
"83","James Lynch (TEN)","1","1","0","0","0","0","0","0","1","4.8","4.8","5.0%"
"84","Arik Armstead (JAC)","1","1","0","0","0","0","0","0","1","4.8","4.8","1.0%"
"85","Lukas Van Ness (GB)","1","1","0","0","0","0","0","0","1","4.8","4.8","2.1%"
"86","Keion White (NE)","2","2","0","0","0","0","0","0","1","4.5","4.5","17.9%"
"87","Kingsley Enagbare (GB)","2","2","0","0","0","0","0","0","1","4.5","4.5","0.1%"
"88","Harrison Phillips (MIN)","2","2","0","0","0","0","0","0","1","4.5","4.5","3.6%"
"89","Cameron Heyward (PIT)","2","0","0","1","0","0","0","0","1","4.5","4.5","11.3%"
"90","Deatrich Wise Jr. (NE)","1","0","0","0","0","0","0","0","1","4.0","4.0","0.7%"
"91","Felix Anudike-Uzomah (KC)","1","0","0","0","0","0","0","0","1","4.0","4.0","0.2%"
"92","Greg Gaines (TB)","1","0","0","0","0","0","0","0","1","4.0","4.0","0.1%"
"93","Nnamdi Madubuike (BAL)","1","0","0","0","0","0","0","0","1","4.0","4.0","13.8%"
"94","Jaylen Harrell (TEN)","1","0","0","0","0","0","0","0","1","4.0","4.0","0.0%"
"95","T'Vondre Sweat (TEN)","1","3","0","0","0","0","0","0","1","3.8","3.8","1.3%"
"96","Johnathan Hankins (SEA)","1","3","0","0","0","0","0","0","1","3.8","3.8","0.1%"
"97","Bryan Bresee (NO)","2","1","0","0","0","0","0","0","1","3.8","3.8","0.9%"
"98","LaBryan Ray (CAR)","1","3","0","0","0","0","0","0","1","3.8","3.8","0.2%"
"99","Daniel Ekuale (NE)","2","1","0","0","0","0","0","0","1","3.8","3.8","1.0%"
"100","Tuli Tuipulotu (LAC)","2","1","0","0","0","0","0","0","1","3.8","3.8","5.0%"
"101","David Onyemata (ATL)","1","3","0","0","0","0","0","0","1","3.8","3.8","1.1%"
"102","Daron Payne (WAS)","2","1","0","0","0","0","0","0","1","3.8","3.8","7.3%"
"103","Myles Murphy (CIN)","1","1","0","1","0","0","0","0","1","3.8","3.8","0.2%"
"104","Jerry Tillery (MIN)","1","3","0","0","0","0","0","0","1","3.8","3.8","0.1%"
"105","Jeffery Simmons (TEN)","1","1","0","1","0","0","0","0","1","3.8","3.8","18.7%"
"106","Sam Okuayinonu (SF)","2","1","0","0","0","0","0","0","1","3.8","3.8","0.6%"
"107","Shy Tuttle (CAR)","1","2","0","0","0","0","0","0","1","3.0","3.0","0.5%"
"108","D.J. Davidson (FA)","1","2","0","0","0","0","0","0","1","3.0","3.0","0.1%"
"109","Malcolm Roach (DEN)","1","0","0","1","0","0","0","0","1","3.0","3.0","0.1%"
"110","Sheldon Day (WAS)","2","0","0","0","0","0","0","0","1","3.0","3.0","0.1%"
"111","Leonard Taylor III (NYJ)","1","2","0","0","0","0","0","0","1","3.0","3.0","0.1%"
"112","Nick Thurman (FA)","1","2","0","0","0","0","0","0","1","3.0","3.0","0.0%"
"113","Pat Jones II (MIN)","2","0","0","0","0","0","0","0","1","3.0","3.0","1.7%"
"114","Leki Fotu (NYJ)","1","2","0","0","0","0","0","0","1","3.0","3.0","0.0%"
"115","Vita Vea (TB)","1","2","0","0","0","0","0","0","1","3.0","3.0","4.1%"
"116","Cameron Jordan (NO)","1","2","0","0","0","0","0","0","1","3.0","3.0","1.5%"
"117","Kobie Turner (LAR)","1","2","0","0","0","0","0","0","1","3.0","3.0","14.5%"
"118","DJ Reader (DET)","2","0","0","0","0","0","0","0","1","3.0","3.0","0.7%"
"119","Elijah Chatman (NYG)","1","2","0","0","0","0","0","0","1","3.0","3.0","0.1%"
"120","Thomas Booker IV (PHI)","1","2","0","0","0","0","0","0","1","3.0","3.0","0.0%"
"121","Maurice Hurst II Jr. (CLE)","0","1","0.5","0","0","0","0","0","1","2.8","2.8","0.1%"
"122","Jordon Riley (NYG)","1","1","0","0","0","0","0","0","1","2.3","2.3","0.0%"
"123","Clelin Ferrell (WAS)","1","1","0","0","0","0","0","0","1","2.3","2.3","0.2%"
"124","Josh Hines-Allen (JAC)","1","1","0","0","0","0","0","0","1","2.3","2.3","38.4%"
"125","Malik Herring (KC)","1","1","0","0","0","0","0","0","1","2.3","2.3","0.0%"
"126","B.J. Hill (CIN)","0","1","0","1","0","0","0","0","1","2.3","2.3","1.9%"
"127","Mike Pennel Jr. (KC)","1","1","0","0","0","0","0","0","1","2.3","2.3","0.1%"
"128","Colby Wooden (GB)","1","1","0","0","0","0","0","0","1","2.3","2.3","0.1%"
"129","Micheal Clemons (NYJ)","1","1","0","0","0","0","0","0","1","2.3","2.3","0.2%"
"130","Chop Robinson (MIA)","1","1","0","0","0","0","0","0","1","2.3","2.3","2.8%"
"131","Anthony Nelson (TB)","1","1","0","0","0","0","0","0","1","2.3","2.3","0.1%"
"132","K'Lavon Chaisson (LV)","1","1","0","0","0","0","0","0","1","2.3","2.3","0.0%"
"133","Pat O'Connor (DET)","0","2","0","0","0","0","0","0","1","1.5","1.5","4.0%"
"134","Julian Okwara (ARI)","1","0","0","0","0","0","0","0","1","1.5","1.5","0.0%"
"135","Braden Fiske (LAR)","0","2","0","0","0","0","0","0","1","1.5","1.5","3.4%"
"136","Chris Braswell (TB)","1","0","0","0","0","0","0","0","1","1.5","1.5","1.2%"
"137","Payton Turner (NO)","0","0","0","1","0","0","0","0","1","1.5","1.5","0.1%"
"138","Derrick Nnadi (KC)","1","0","0","0","0","0","0","0","1","1.5","1.5","0.1%"
"139","DeShawn Williams (CAR)","0","2","0","0","0","0","0","0","1","1.5","1.5","0.0%"
"140","Derek Barnett (HOU)","1","0","0","0","0","0","0","0","1","1.5","1.5","0.2%"
"141","Jalyn Holmes (WAS)","1","0","0","0","0","0","0","0","1","1.5","1.5","0.0%"
"142","Tyree Wilson (LV)","1","0","0","0","0","0","0","0","1","1.5","1.5","1.2%"
"143","John Ridgeway III (NO)","1","0","0","0","0","0","0","0","1","1.5","1.5","0.0%"
"144","Ali Gaye (TEN)","1","0","0","0","0","0","0","0","1","1.5","1.5","0.0%"
"145","Dylan Horton (HOU)","1","0","0","0","0","0","0","0","1","1.5","1.5","0.0%"
"146","Ochaun Mathis (PHI)","1","0","0","0","0","0","0","0","1","1.5","1.5","0.0%"
"147","Kwity Paye (IND)","1","0","0","0","0","0","0","0","1","1.5","1.5","3.2%"
"148","Moro Ojomo (PHI)","1","0","0","0","0","0","0","0","1","1.5","1.5","0.1%"
"149","Michael Pierce (BAL)","0","2","0","0","0","0","0","0","1","1.5","1.5","0.6%"
"150","Efe Obada (WAS)","1","0","0","0","0","0","0","0","1","1.5","1.5","0.0%"
"151","Eric Johnson II (NE)","0","2","0","0","0","0","0","0","1","1.5","1.5","0.0%"
"152","Yannick Ngakoue (NE)","0","2","0","0","0","0","0","0","1","1.5","1.5","2.0%"
"153","Chris Jones (KC)","1","0","0","0","0","0","0","0","1","1.5","1.5","19.7%"
"154","Benito Jones (MIA)","0","2","0","0","0","0","0","0","1","1.5","1.5","0.1%"
"155","Adam Gotsis (IND)","0","2","0","0","0","0","0","0","1","1.5","1.5","0.0%"
"156","Khristian Boyd (NO)","1","0","0","0","0","0","0","0","1","1.5","1.5","0.0%"
"157","Quinnen Williams (NYJ)","0","1","0","0","0","0","0","0","1","0.8","0.8","15.0%"
"158","Isaac Ukwu (DET)","0","1","0","0","0","0","0","0","1","0.8","0.8","0.0%"
"159","Travis Jones (BAL)","0","1","0","0","0","0","0","0","1","0.8","0.8","0.7%"
"160","T.J. Slaton (GB)","0","1","0","0","0","0","0","0","1","0.8","0.8","0.1%"
"161","Ta'Quon Graham (ATL)","0","1","0","0","0","0","0","0","1","0.8","0.8","1.0%"
"162","Sebastian Joseph-Day (TEN)","0","1","0","0","0","0","0","0","1","0.8","0.8","0.8%"
"163","Adetomiwa Adebawore (IND)","0","1","0","0","0","0","0","0","1","0.8","0.8","0.1%"
"164","Poona Ford (LAC)","0","1","0","0","0","0","0","0","1","0.8","0.8","0.3%"
"165","Milton Williams (PHI)","0","1","0","0","0","0","0","0","1","0.8","0.8","0.7%"
"166","Nathan Shepherd (NO)","0","1","0","0","0","0","0","0","1","0.8","0.8","0.2%"
"167","Tyler Lacy (JAC)","0","1","0","0","0","0","0","0","1","0.8","0.8","0.0%"
"168","Ruke Orhorhoro (ATL)","0","1","0","0","0","0","0","0","1","0.8","0.8","0.6%"
"169","Kevin Givens (SF)","0","1","0","0","0","0","0","0","1","0.8","0.8","0.1%"
"170","Davon Godchaux (NE)","0","1","0","0","0","0","0","0","1","0.8","0.8","1.7%"
"171","Tavius Robinson (BAL)","0","1","0","0","0","0","0","0","1","0.8","0.8","0.1%"
"172","Austin Johnson (BUF)","0","1","0","0","0","0","0","0","1","0.8","0.8","0.1%"
"173","T.J. Smith (CAR)","0","1","0","0","0","0","0","0","1","0.8","0.8","0.0%"
"174","Jonathon Cooper (DEN)","0","1","0","0","0","0","0","0","1","0.8","0.8","10.4%"
"175","D.J. Jones (DEN)","0","1","0","0","0","0","0","0","1","0.8","0.8","0.5%"
"176","Mike Hall Jr. (CLE)","0","1","0","0","0","0","0","0","1","0.8","0.8","1.3%"
"177","Khyiris Tonga (ARI)","0","1","0","0","0","0","0","0","1","0.8","0.8","0.0%"
"178","Jordan Jackson (DEN)","0","1","0","0","0","0","0","0","1","0.8","0.8","0.0%"
"179","Kameron Cline (BUF)","0","0","0","0","0","0","0","0","0","0","0","0.0%"
"180","Marcus Webb (LV)","0","0","0","0","0","0","0","0","1","0.0","0.0","0.0%"
"181","Chris Williams (CHI)","0","0","0","0","0","0","0","0","0","0","0","0.0%"
"182","Jonah Williams (LAR)","0","0","0","0","0","0","0","0","0","0","0","0.0%"
"183","Myles Adams (SEA)","0","0","0","0","0","0","0","0","0","0","0","0.0%"
"184","Micah Parsons (DAL)","0","0","0","0","0","0","0","0","0","0","0","49.6%"
"185","Domenique Davis (PIT)","0","0","0","0","0","0","0","0","0","0","0","0.0%"
"186","Bill Murray (CHI)","0","0","0","0","0","0","0","0","0","0","0","0.0%"
"187","LaCale London (ATL)","0","0","0","0","0","0","0","0","0","0","0","0.0%"
"188","Jay Tufele (CIN)","0","0","0","0","0","0","0","0","0","0","0","0.1%"
"189","Khalil Davis (SF)","0","0","0","0","0","0","0","0","1","0.0","0.0","0.1%"
"190","William Bradley-King (MIA)","0","0","0","0","0","0","0","0","0","0","0","0.0%"
"191","Casey Toohill (BUF)","0","0","0","0","0","0","0","0","1","0.0","0.0","0.0%"
"192","Alex Highsmith (PIT)","1","3","0","0","0","0","0","0","1","0.0","0.0","10.0%"
"193","McTelvin Agim (TEN)","0","0","0","0","0","0","0","0","0","0","0","0.0%"
"194","Khalid Kareem (ATL)","0","0","0","0","0","0","0","0","0","0","0","0.0%"
"195","D.J. Wonnum (CAR)","0","0","0","0","0","0","0","0","0","0","0","2.2%"
"196","Jonathan Garvin (SF)","0","0","0","0","0","0","0","0","0","0","0","0.0%"
"197","Tomon Fox (FA)","3","0","1","0","0","0","0","0","1","0.0","0.0","0.0%"
"198","Broderick Washington Jr. (BAL)","0","0","0","0","0","0","0","0","0","0","0","0.1%"
"199","Cam Gill (CAR)","0","0","0","0","0","0","0","0","0","0","0","0.0%"
"200","Tershawn Wharton (KC)","0","0","0","0","0","0","0","0","1","0.0","0.0","0.5%"
"201","Breiden Fehoko (PIT)","0","0","0","0","0","0","0","0","0","0","0","0.0%"
"202","Janarius Robinson (LV)","0","0","0","0","0","0","0","0","0","0","0","0.0%"
"203","Mike Danna (KC)","0","0","0","0","0","0","0","0","0","0","0","1.1%"
"204","Carlo Kemp (GB)","0","0","0","0","0","0","0","0","0","0","0","0.0%"
"205","Levi Onwuzurike (ARI)","0","0","0","0","0","0","0","0","1","0.0","0.0","0.5%"
"206","David Agoha (LV)","0","0","0","0","0","0","0","0","0","0","0","0.0%"
"207","Keshawn Banks (NE)","0","0","0","0","0","0","0","0","0","0","0","0.0%"
"208","Kadeem Telfort (GB)","0","0","0","0","0","0","0","0","1","0.0","0.0","0.0%"
"209","Kenneth Odumegwu (SEA)","0","0","0","0","0","0","0","0","0","0","0","0.0%"
"210","Junior Aho (ATL)","0","0","0","0","0","0","0","0","0","0","0","0.0%"
"211","CJ Okoye (LAC)","0","0","0","0","0","0","0","0","0","0","0","0.0%"
"212","Truman Jones (KC)","0","0","0","0","0","0","0","0","0","0","0","0.0%"
"213","Jalen Redmond (MIN)","0","0","0","0","0","0","0","0","1","0.0","0.0","0.0%"
"214","Eku Leota (PIT)","0","0","0","0","0","0","0","0","0","0","0","0.0%"
"215","Jacob Slade (PIT)","0","0","0","0","0","0","0","0","0","0","0","0.0%"
"216","Chris Smith (DET)","0","0","0","0","0","0","0","0","0","0","0","0.0%"
"217","Scott Matlock (LAC)","0","0","0","0","0","0","0","0","1","0.0","0.0","0.2%"
"218","BJ Thompson (KC)","0","0","0","0","0","0","0","0","0","0","0","0.0%"
"219","Nesta Jade Silvera (SF)","0","0","0","0","0","0","0","0","0","0","0","0.0%"
"220","Andrew Farmer II (DEN)","0","0","0","0","0","0","0","0","0","0","0","0.0%"
"221","DJ Coleman (JAC)","0","0","0","0","0","0","0","0","0","0","0","0.0%"
"222","Cameron Young (SEA)","0","0","0","0","0","0","0","0","0","0","0","0.0%"
"223","Desjuan Johnson (LAR)","0","0","0","0","0","0","0","0","0","0","0","0.0%"
"224","Jose Ramirez (TB)","0","0","0","0","0","0","0","0","0","0","0","0.0%"
"225","Shakel Brown (MIA)","0","0","0","0","0","0","0","0","0","0","0","0.0%"
"226","TK McLendon Jr. (TEN)","0","0","0","0","0","0","0","0","0","0","0","0.0%"
"227","Caleb Murphy (LAC)","0","0","0","0","0","0","0","0","0","0","0","1.0%"
"228","Andre Jones Jr. (WAS)","0","0","0","0","0","0","0","0","0","0","0","0.0%"
"229","Cory Durden (LAR)","0","0","0","0","0","0","0","0","0","0","0","0.0%"
"230","Titus Leo (NE)","0","0","0","0","0","0","0","0","1","0.0","0.0","0.0%"
"231","Isaiah Land (IND)","0","0","0","0","0","0","0","0","1","0.0","0.0","0.0%"
"232","Tyrus Wheat (DAL)","0","0","0","0","0","0","0","0","0","0","0","0.1%"
"233","Dallas Turner (MIN)","0","0","0","0","0","0","0","0","1","0.0","0.0","5.7%"
"234","Michael Hall Jr. (CLE)","0","0","0","0","0","0","0","0","0","0","0","0.0%"
"235","McKinnley Jackson (CIN)","0","0","0","0","0","0","0","0","1","0.0","0.0","0.0%"
"236","Maason Smith (JAC)","0","0","0","0","0","0","0","0","0","0","0","1.1%"
"237","Kilian Zierer (HOU)","0","0","0","0","0","0","0","0","0","0","0","0.0%"
"238","Trevor Nowaske (DET)","3","0","1","0","0","0","0","0","1","0.0","0.0","0.1%"
"239","Mitchell Agude (DET)","0","0","0","0","0","0","0","0","0","0","0","0.0%"
"240","Brandon Pili (SEA)","0","0","0","0","0","0","0","0","1","0.0","0.0","0.0%"
"241","Brandon Bouyer-Randle (CLE)","0","0","0","0","0","0","0","0","0","0","0","0.0%"
"242","Markees Watts (TB)","0","0","0","0","0","0","0","0","0","0","0","0.0%"
"243","Marcus Haynes (CLE)","0","0","0","0","0","0","0","0","0","0","0","0.0%"
"244","Thomas Incoom (CAR)","2","0","0","0","0","0","0","0","1","0.0","0.0","0.0%"
"245","Demontrey Jacobs (NE)","0","0","0","0","0","0","0","0","1","0.0","0.0","0.0%"
"246","Alex Palczewski (DEN)","0","0","0","0","0","0","0","0","0","0","0","0.0%"
"247","Brodric Martin (DET)","0","0","0","0","0","0","0","0","0","0","0","0.0%"
"248","Mike Greene (TB)","0","0","0","0","0","0","0","0","0","0","0","0.0%"
"249","C.J. Brewer (TB)","0","0","0","0","0","0","0","0","0","0","0","1.0%"
"250","D.J. Johnson (CAR)","1","3","0","0","0","0","0","0","1","0.0","0.0","0.1%"
"251","Bralen Trice (ATL)","0","0","0","0","0","0","0","0","0","0","0","0.6%"
"252","Gervon Dexter Sr. (CHI)","0","0","0","0","0","0","0","0","0","0","0","2.6%"
"253","Karl Brooks (GB)","0","0","0","0","0","0","0","0","1","0.0","0.0","0.7%"
"254","Mazi Smith (DAL)","0","0","0","0","0","0","0","0","0","0","0","0.3%"
"255","Nick Hampton (LAR)","0","0","0","0","0","0","0","0","0","0","0","0.0%"
"256","Jeremiah Pharms Jr. (NE)","0","0","0","0","0","0","0","0","0","0","0","0.1%"
"257","Gabriel Murphy (MIN)","0","0","0","0","0","0","0","0","0","0","0","0.0%"
"258","Keondre Coburn (TEN)","0","0","0","0","0","0","0","0","0","0","0","0.0%"
"259","Mike Morris (SEA)","0","0","0","0","0","0","0","0","1","0.0","0.0","0.0%"
"260","Yasir Abdullah (JAC)","2","0","0","0","0","0","0","0","1","0.0","0.0","0.0%"
"261","Nick Herbig (PIT)","0","0","0","0","0","0","0","0","0","0","0","1.5%"
"262","Travis Bell (MIN)","0","0","0","0","0","0","0","0","0","0","0","0.0%"
"263","Jalen McKenzie (NE)","0","0","0","0","0","0","0","0","0","0","0","0.0%"
"264","Mekhi Wingo (DET)","0","0","0","0","0","0","0","0","1","0.0","0.0","0.1%"
"265","Laekin Vakalahi (PHI)","0","0","0","0","0","0","0","0","0","0","0","0.0%"
"266","C.J. Ravenell (BAL)","0","0","0","0","0","0","0","0","0","0","0","0.0%"
"267","Denzel Daxon (DAL)","0","0","0","0","0","0","0","0","0","0","0","0.0%"
"268","David Olajiga (LAR)","0","0","0","0","0","0","0","0","0","0","0","0.0%"
"269","Gottlieb Ayedze (LV)","0","0","0","0","0","0","0","0","0","0","0","0.0%"
"270","Casey Rogers (NYG)","0","0","0","0","0","0","0","0","0","0","0","0.0%"
"271","Nate Lynn (DET)","0","0","0","0","0","0","0","0","0","0","0","0.0%"
"272","Anthony Goodlow (ARI)","0","0","0","0","0","0","0","0","0","0","0","0.0%"
"273","James Ester (GB)","0","0","0","0","0","0","0","0","0","0","0","0.0%"
"274","Fabien Lovett Sr. (KC)","0","0","0","0","0","0","0","0","0","0","0","0.0%"
"275","Trajan Jeffcoat (NO)","0","0","0","0","0","0","0","0","0","0","0","0.0%"
"276","Jotham Russell (NE)","0","0","0","0","0","0","0","0","0","0","0","0.0%"
"277","Kenny Dyson Jr. (CAR)","0","0","0","0","0","0","0","0","0","0","0","0.0%"
"278","Dashaun Mallory (CHI)","0","0","0","0","0","0","0","0","0","0","0","0.0%"
"279","Dondrea Tillman (DEN)","0","0","0","0","0","0","0","0","0","0","0","0.0%"
"280","Jamie Sheriff (SEA)","0","0","0","0","0","0","0","0","0","0","0","0.0%"
"281","Camron Peterson (NO)","0","0","0","0","0","0","0","0","0","0","0","0.0%"
"282","Carl Jones Jr. (CHI)","0","0","0","0","0","0","0","0","0","0","0","0.0%"
"283","Adisa Isaac (BAL)","0","0","0","0","0","0","0","0","0","0","0","0.8%"
"284","Marshawn Kneeland (DAL)","0","0","0","0","0","0","0","0","0","0","0","0.8%"
"285","Mohamed Kamara (MIA)","0","1","0","0","0","0","0","0","1","0.0","0.0","1.0%"
"286","Austin Booker (CHI)","0","0","0","0","0","0","0","0","0","0","0","0.9%"
"287","Brennan Jackson (LAR)","1","0","0","0","0","0","0","0","1","0.0","0.0","0.0%"
"288","Jalyx Hunt (PHI)","1","0","1","0","0","1","0","0","1","0.0","0.0","0.1%"
"289","Gabe Hall (PHI)","0","0","0","0","0","0","0","0","0","0","0","0.0%"
"290","Jordan Jefferson (JAC)","0","0","0","0","0","0","0","0","1","0.0","0.0","0.0%"
"291","Brandon Dorlus (ATL)","0","0","0","0","0","0","0","0","0","0","0","0.0%"
"292","Jonah Elliss (DEN)","1","1","0.5","0","0","0","0","0","1","0.0","0.0","0.6%"
"293","Javon Solomon (BUF)","0","0","0","0","0","0","0","0","1","0.0","0.0","0.0%"
"294","Cedric Johnson (CIN)","0","0","0","0","0","0","0","0","0","0","0","0.0%"
"295","Darius Robinson (ARI)","0","0","0","0","0","0","0","0","0","0","0","1.2%"
"296","Jer'Zhan Newton (WAS)","0","0","0","0","0","0","0","0","1","0.0","0.0","1.4%"
"297","Kris Jenkins Jr. (CIN)","0","0","0","0","0","0","0","0","1","0.0","0.0","0.9%"
"298","Braiden McGregor (NYJ)","0","0","0","0","0","0","0","0","0","0","0","0.0%"
"299","Marcus Harris (NE)","0","0","0","0","0","0","0","0","0","0","0","0.0%"
"300","Jamree Kromah (CHI)","0","0","0","0","0","0","0","0","0","0","0","0.0%"
"301","Bo Richter (MIN)","0","0","0","0","0","0","0","0","0","0","0","0.0%"
"302","Taki Taimani (MIN)","0","0","0","0","0","0","0","0","1","0.0","0.0","0.0%"
"303","Norell Pollard (WAS)","0","0","0","0","0","0","0","0","0","0","0","0.0%"
"304","Isaiah Iton (TEN)","0","0","0","0","0","0","0","0","0","0","0","0.0%"
"305","Evan Anderson (SF)","0","0","0","0","0","0","0","0","0","0","0","0.0%"
"306","Daniel Grzesiak (TB)","0","0","0","0","0","0","0","0","0","0","0","0.0%"
"307","Branson Deen (BUF)","0","0","0","0","0","0","0","0","0","0","0","0.0%"
"308","Derrick McLendon II (MIA)","0","0","0","0","0","0","0","0","0","0","0","0.0%"
"309","DeVere Levelston (SEA)","0","0","0","0","0","0","0","0","0","0","0","0.0%"
"310","Eric Watts (NYJ)","1","0","0","0","0","0","0","0","1","0.0","0.0","0.0%"
"311","Solomon Byrd (HOU)","0","0","0","0","0","0","0","0","0","0","0","0.0%"
"312","Justin Rogers (CIN)","0","0","0","0","0","0","0","0","0","0","0","0.0%"
"313","Myles Cole (JAC)","0","0","0","0","0","0","0","0","0","0","0","0.0%"
"314","Zion Logue (BUF)","0","0","0","0","0","0","0","0","0","0","0","0.0%"
"315","Logan Lee (PIT)","0","0","0","0","0","0","0","0","0","0","0","0.0%"
"316","Jowon Briggs (CLE)","0","0","0","0","0","0","0","0","0","0","0","0.0%"
"317","Jonah Laulu (LV)","0","0","0","0","0","0","0","0","1","0.0","0.0","0.0%"
"318","Javontae Jean-Baptiste (WAS)","0","0","0","0","0","0","0","0","0","0","0","0.0%"
"319","Levi Drake Rodriguez (MIN)","0","0","0","0","0","0","0","0","0","0","0","0.0%"
"320","Tomari Fox (LV)","0","0","0","0","0","0","0","0","0","0","0","0.0%"
"321","Amari Gainer (LV)","0","0","0","0","0","0","0","0","0","0","0","0.0%"
"322","Tre'Mon Morris-Brash (LAC)","0","0","0","0","0","0","0","0","0","0","0","0.0%"
"323","Dylan Cook (PIT)","0","0","0","0","0","0","0","0","0","0","0","0.0%"
"324","Xavier Thomas (ARI)","0","0","0","0","0","0","0","0","0","0","0","0.0%"
"325","Kayvon Thibodeaux (NYG)","0","0","0","0","0","0","0","0","0","0","0","16.3%"
"326","Zach Harrison (ATL)","0","0","0","0","0","0","0","0","1","0.0","0.0","0.1%"
"327","DeMarvin Leal (PIT)","0","0","0","0","0","0","0","0","0","0","0","0.0%"
"328","Raymond Johnson III (CIN)","0","0","0","0","0","0","0","0","0","0","0","0.0%"
"329","Earnest Brown (TB)","0","0","0","0","0","0","0","0","0","0","0","0.0%"
"330","Chauncey Golston (DAL)","0","0","0","0","0","0","0","0","0","0","0","9.0%"
"331","Chris Rumph II (LAC)","0","0","0","0","0","0","0","0","0","0","0","0.0%"
"332","Quinton Bohanna (SEA)","0","0","0","0","0","0","0","0","0","0","0","0.0%"
"333","Sam Kamara (CLE)","0","0","0","0","0","0","0","0","0","0","0","0.0%"
"334","Isaiahh Loudermilk (PIT)","0","0","0","0","0","0","0","0","1","0.0","0.0","0.1%"
"335","David Ojabo (BAL)","0","0","0","0","0","0","0","0","1","0.0","0.0","1.0%"
"336","Logan Hall (TB)","0","0","0","0","0","0","0","0","1","0.0","0.0","0.1%"
"337","Boogie Basham Jr. (NYG)","0","0","0","0","0","0","0","0","0","0","0","0.0%"
"338","Phidarian Mathis (WAS)","0","0","0","0","0","0","0","0","1","0.0","0.0","0.0%"
"339","David Bada (DET)","0","0","0","0","0","0","0","0","0","0","0","0.0%"
"340","Trevis Gipson (SEA)","0","0","0","0","0","0","0","0","0","0","0","0.0%"
"341","Christian Barmore (NE)","0","0","0","0","0","0","0","0","0","0","0","2.4%"
"342","Marvin Wilson (ARI)","0","0","0","0","0","0","0","0","0","0","0","0.0%"
"343","Elerson G. Smith (CLE)","0","0","0","0","0","0","0","0","0","0","0","0.0%"
"344","Patrick Johnson (NYG)","0","0","0","0","0","0","0","0","1","0.0","0.0","0.0%"
"345","Jeremiah Moon (PIT)","0","0","0","0","0","0","0","0","1","0.0","0.0","0.2%"
"346","Tommy Togiai (HOU)","0","0","0","0","0","0","0","0","0","0","0","2.0%"
"347","Cam Sample (CIN)","0","0","0","0","0","0","0","0","0","0","0","0.0%"
"348","Osa Odighizuwa (DAL)","0","0","0","0","0","0","0","0","0","0","0","1.6%"
"349","Jamin Davis (GB)","0","1","0","0","0","0","0","0","1","0.0","0.0","1.6%"
"350","Tarron Jackson (PHI)","0","0","0","0","0","0","0","0","0","0","0","0.0%"
"351","Ronnie Perkins (ARI)","0","0","0","0","0","0","0","0","0","0","0","0.0%"
"352","Roy Lopez (ARI)","0","0","0","0","0","0","0","0","1","0.0","0.0","0.7%"
"353","Dayo Odeyingbo (IND)","0","0","0","0","0","0","0","0","1","0.0","0.0","0.9%"
"354","Marlon Tuipulotu (KC)","0","0","0","0","0","0","0","0","0","0","0","0.0%"
"355","Malcolm Koonce (LV)","0","0","0","0","0","0","0","0","0","0","0","1.8%"
"356","Rashad Weaver (FA)","0","0","0","0","0","0","0","0","1","0.0","0.0","0.0%"
"357","Zaven Collins (ARI)","2","1","0","0","0","0","0","0","1","0.0","0.0","3.4%"
"358","Azeez Ojulari (NYG)","1","2","1","0","0","0","0","0","1","0.0","0.0","2.7%"
"359","Jaylen Twyman (ARI)","0","0","0","0","0","0","0","0","0","0","0","0.0%"
"360","Joe Tryon-Shoyinka (TB)","2","2","0","0","0","0","0","0","1","0.0","0.0","0.8%"
"361","Baron Browning (ARI)","0","0","0","0","0","0","0","0","1","0.0","0.0","1.0%"
"362","Victor Dimukeje (ARI)","0","0","0","0","0","0","0","0","0","0","0","0.0%"
"363","Jaelan Phillips (MIA)","0","0","0","0","0","0","0","0","0","0","0","6.2%"
"364","Aidan Hutchinson (DET)","0","0","0","0","0","0","0","0","0","0","0","36.9%"
"365","Brenton Cox Jr. (GB)","0","0","0","0","0","0","0","0","0","0","0","0.1%"
"366","Charles Snowden (LV)","1","0","0","0","0","0","0","0","1","0.0","0.0","1.0%"
"367","Jordan Davis (PHI)","0","0","0","0","0","0","0","0","1","0.0","0.0","1.2%"
"368","Alim McNeill (DET)","0","0","0","0","0","0","0","0","1","0.0","0.0","2.0%"
"369","Jermaine Johnson II (NYJ)","0","0","0","0","0","0","0","0","0","0","0","3.8%"
"370","Cameron Thomas (FA)","0","0","0","0","0","0","0","0","1","0.0","0.0","0.0%"
"371","Sam Roberts (CAR)","0","0","0","0","0","0","0","0","0","0","0","0.0%"
"372","Alex Wright (CLE)","0","0","0","0","0","0","0","0","0","0","0","0.0%"
"373","James Houston (DET)","0","0","0","0","0","0","0","0","1","0.0","0.0","0.2%"
"374","Daniel Hardy (CHI)","0","0","0","0","0","0","0","0","0","0","0","0.0%"
"375","Haggai Ndubuisi (WAS)","0","0","0","0","0","0","0","0","0","0","0","1.0%"
"376","Kingsley Jonathan (BUF)","0","0","0","0","0","0","0","0","0","0","0","0.0%"
"377","Elijah Garcia (NYG)","0","0","0","0","0","0","0","0","0","0","0","0.0%"
"378","Benton Whitley (NYG)","0","0","0","0","0","0","0","0","0","0","0","0.0%"
"379","Keir Thomas (LAR)","0","0","0","0","0","0","0","0","0","0","0","0.0%"
"380","Adedayo Odeleye (BAL)","0","0","0","0","0","0","0","0","0","0","0","0.0%"
"381","BJ Ojulari (ARI)","0","0","0","0","0","0","0","0","0","0","0","0.6%"
"382","Isaiah Foskey (NO)","0","0","0","0","0","0","0","0","1","0.0","0.0","0.0%"
"383","Joshua Onujiogu (SEA)","0","0","0","0","0","0","0","0","0","0","0","0.0%"
"384","Zacch Pickens (CHI)","0","0","0","0","0","0","0","0","0","0","0","0.1%"
"385","Robert Beal Jr. (SF)","0","0","0","0","0","0","0","0","1","0.0","0.0","0.6%"
"386","Siaki Ika (PHI)","0","0","0","0","0","0","0","0","0","0","0","0.0%"
"387","Sam Williams (DAL)","0","0","0","0","0","0","0","0","0","0","0","0.0%"
"388","DeAngelo Malone (ATL)","0","0","0","0","0","0","0","0","0","0","0","0.0%"
"389","Jaden Crumedy (CAR)","0","0","0","0","0","0","0","0","0","0","0","0.0%"
"390","Zach Carter (LV)","0","0","0","0","0","0","0","0","0","0","0","0.0%"
"391","Deslin Alexandre (GB)","0","0","0","0","0","0","0","0","0","0","0","0.0%"
"392","Arron Mosby (GB)","0","0","0","0","0","0","0","0","1","0.0","0.0","0.0%"
"393","Esezi Otomewo (JAC)","0","0","0","0","0","0","0","0","0","0","0","3.0%"
"394","Cameron Goode (MIA)","0","0","0","0","0","0","0","0","0","0","0","0.0%"
"395","Isaiah Thomas (DET)","0","0","0","0","0","0","0","0","0","0","0","0.0%"
"396","Tyler Davis (LAR)","0","0","0","0","0","0","0","0","1","0.0","0.0","0.0%"
"397","Devonte Wyatt (GB)","0","0","0","0","0","0","0","0","1","0.0","0.0","1.1%"
"398","Tyreke Smith (SEA)","0","0","0","0","0","0","0","0","0","0","0","0.0%"
"399","Justin Eboigbe (LAC)","0","0","0","0","0","0","0","0","1","0.0","0.0","0.0%"
"400","Byron Young (PHI)","0","0","0","0","0","0","0","0","0","0","0","0.0%"
"401","Christopher Hinton (LAC)","0","0","0","0","0","0","0","0","0","0","0","0.0%"
"402","Jayden Peevy (HOU)","0","0","0","0","0","0","0","0","0","0","0","0.0%"
"403","Amare Barno (CAR)","0","0","0","0","0","0","0","0","0","0","0","0.0%"
"404","Neil Farrell Jr. (MIA)","0","0","0","0","0","0","0","0","0","0","0","1.0%"
"405","PJ Mustipher (ARI)","0","0","0","0","0","0","0","0","0","0","0","0.0%"
"406","Eyioma Uwazurike (DEN)","0","0","0","0","0","0","0","0","0","0","0","1.0%"
"407","Matthew Butler (LV)","0","0","0","0","0","0","0","0","1","0.0","0.0","0.0%"
"408","Marquan McCall (LV)","0","0","0","0","0","0","0","0","0","0","0","0.0%"
"409","Drake Jackson (SF)","0","0","0","0","0","0","0","0","0","0","0","0.0%"
"410","De'Shaan Dixon (JAC)","0","0","0","0","0","0","0","0","0","0","0","1.0%"
"411","Luiji Vilain (DAL)","0","0","0","0","0","0","0","0","0","0","0","0.0%"
"412","Ryder Anderson (NO)","0","0","0","0","0","0","0","0","0","0","0","2.0%"
"413","Jesse Luketa (ARI)","2","1","0","0","0","0","0","0","1","0.0","0.0","0.0%"
"414","Kurt Hinish (HOU)","0","0","0","0","0","0","0","0","1","0.0","0.0","0.0%"
"415","Matt Henningsen (DEN)","0","0","0","0","0","0","0","0","0","0","0","0.0%"
"416","Jonathan Ford (GB)","0","0","0","0","0","0","0","0","0","0","0","0.0%"
"417","Dominique Robinson (CHI)","0","0","0","0","0","0","0","0","0","0","0","0.0%"
"418","Kyron Johnson (TEN)","0","0","0","0","0","0","0","0","0","0","0","0.0%"
"419","Larrell Murchison (LAR)","0","0","0","0","0","0","0","0","0","0","0","0.0%"
"420","Jadeveon Clowney (CAR)","0","0","0","0","0","0","0","0","0","0","0","6.7%"
"421","Khalil Mack (LAC)","1","2","0","2","0","0","0","0","1","0.0","0.0","21.0%"
"422","Kyle Van Noy (BAL)","1","2","1","0","0","0","0","0","1","0.0","0.0","5.2%"
"423","DeMarcus Lawrence (DAL)","0","0","0","0","0","0","0","0","0","0","0","5.8%"
"424","John Jenkins (LV)","0","0","0","0","0","0","0","0","1","0.0","0.0","0.8%"
"425","William Gholston (TB)","0","0","0","0","0","0","0","0","1","0.0","0.0","3.0%"
"426","Denico Autry (HOU)","0","0","0","0","0","0","0","0","1","0.0","0.0","2.4%"
"427","Jordan Miller (DEN)","0","0","0","0","0","0","0","0","0","0","0","0.0%"
"428","Von Miller (BUF)","0","0","0","0","0","0","0","0","1","0.0","0.0","1.1%"
"429","Robaire Smith (CLE)","0","0","0","0","0","0","0","0","0","0","0","0.0%"
"430","Demetric Evans (SF)","0","0","0","0","0","0","0","0","0","0","0","0.0%"
"431","Stylez White (MIN)","0","0","0","0","0","0","0","0","0","0","0","0.0%"
"432","Jerry Hughes (HOU)","0","0","0","0","0","0","0","0","0","0","0","0.1%"
"433","Linval Joseph (DAL)","0","0","0","0","0","0","0","0","0","0","0","0.0%"
"434","Brandon Graham (PHI)","0","0","0","0","0","0","0","0","1","0.0","0.0","0.3%"
"435","Auston English (CLE)","0","0","0","0","0","0","0","0","0","0","0","0.0%"
"436","Emmanuel Stephens (CLE)","0","0","0","0","0","0","0","0","0","0","0","0.0%"
"437","Myron Pryor (NE)","0","0","0","0","0","0","0","0","0","0","0","0.0%"
"438","Quentin Moses (MIA)","0","0","0","0","0","0","0","0","0","0","0","0.0%"
"439","Joe Gaziano (JAC)","0","0","0","0","0","0","0","0","1","0.0","0.0","1.0%"
"440","Matt Dickerson (MIA)","0","0","0","0","0","0","0","0","0","0","0","0.0%"
"441","Bilal Nichols (ARI)","0","0","0","0","0","0","0","0","0","0","0","0.1%"
"442","Ogbo Okoronkwo (CLE)","0","0","0","0","0","0","0","0","1","0.0","0.0","0.8%"
"443","Jacob Martin (CHI)","0","0","0","0","0","0","0","0","0","0","0","0.1%"
"444","Abdullah Anderson (TEN)","0","0","0","0","0","0","0","0","1","0.0","0.0","1.0%"
"445","Justin Jones (ARI)","0","0","0","0","0","0","0","0","0","0","0","0.7%"
"446","Bruce Hector (NYJ)","0","0","0","0","0","0","0","0","0","0","0","0.0%"
"447","Dennis Gardeck (ARI)","2","1","0","0","0","0","0","0","1","0.0","0.0","1.0%"
"448","Demone Harris (ATL)","0","0","0","0","0","0","0","0","1","0.0","0.0","0.0%"
"449","Bradley Chubb (MIA)","0","0","0","0","0","0","0","0","0","0","0","5.1%"
"450","Marcus Davenport (DET)","0","0","0","0","0","0","0","0","0","0","0","0.7%"
"451","Alex Barrett (SF)","0","0","0","0","0","0","0","0","0","0","0","0.0%"
"452","Dorance Armstrong Jr. (WAS)","0","0","0","0","0","0","0","0","0","0","0","1.4%"
"453","Christian Wilkins (LV)","0","0","0","0","0","0","0","0","0","0","0","9.8%"
"454","Kendal Vickers (NO)","0","0","0","0","0","0","0","0","0","0","0","0.0%"
"455","Uchenna Nwosu (SEA)","0","0","0","0","0","0","0","0","0","0","0","2.1%"
"456","Harold Landry III (TEN)","1","3","0","1","0","0","0","0","1","0.0","0.0","24.5%"
"457","Lorenzo Carter (ATL)","0","0","0","0","0","0","0","0","0","0","0","0.7%"
"458","Tyquan Lewis (IND)","0","0","0","0","0","0","0","0","0","0","0","0.3%"
"459","Marquis Haynes Sr. (FA)","3","1","0","0","0","0","0","0","1","0.0","0.0","0.0%"
"460","Kentavius Street (ATL)","0","0","0","0","0","0","0","0","0","0","0","0.0%"
"461","Derrick Brown (CAR)","0","0","0","0","0","0","0","0","0","0","0","5.3%"
"462","Chase Young (NO)","0","0","0","0","0","0","0","0","1","0.0","0.0","2.4%"
"463","Yetur Gross-Matos (SF)","0","0","0","0","0","0","0","0","0","0","0","0.2%"
"464","Joshua Uche (KC)","0","0","0","0","0","0","0","0","1","0.0","0.0","0.1%"
"465","Darrell Taylor (CHI)","0","0","0","0","0","0","0","0","0","0","0","2.0%"
"466","Anfernee Jennings (NE)","6","1","0","0","0","0","0","0","1","0.0","0.0","23.9%"
"467","Marlon Davidson (TEN)","0","0","0","0","0","0","0","0","0","0","0","1.0%"
"468","Anthony Pittman (JAC)","0","0","0","0","0","0","0","0","0","0","0","0.0%"
"469","Jonathan Harris (CAR)","0","0","0","0","0","0","0","0","0","0","0","0.0%"
"470","Charles Omenihu (KC)","0","0","0","0","0","0","0","0","0","0","0","0.1%"
"471","Armon Watts (NYG)","0","0","0","0","0","0","0","0","0","0","0","0.0%"
"472","John Cominsky (DET)","0","0","0","0","0","0","0","0","0","0","0","0.0%"
"473","Rashan Gary (GB)","1","4","1","0","0","0","0","0","1","0.0","0.0","5.2%"
"474","Jachai Polite (LAR)","0","0","0","0","0","0","0","0","0","0","0","0.0%"
"475","Montez Sweat (CHI)","0","0","0","0","0","0","0","0","0","0","0","15.6%"
"476","Raekwon Davis (IND)","0","0","0","0","0","0","0","0","1","0.0","0.0","0.0%"
"477","Oshane Ximines (NE)","0","0","0","0","0","0","0","0","0","0","0","0.0%"
"478","Quinton Bell (MIA)","0","1","0","0","0","0","0","0","1","0.0","0.0","0.0%"
"479","Khalen Saunders (NO)","0","0","0","0","0","0","0","0","0","0","0","0.1%"
"480","Andrew Van Ginkel (MIN)","6","1","2","0","0","1","0","0","1","0.0","0.0","46.8%"
"481","Trysten Hill (IND)","0","0","0","0","0","0","0","0","0","0","0","0.0%"
"482","Byron Cowart (CHI)","0","0","0","0","0","0","0","0","0","0","0","0.0%"
"483","Jalen Dalton (DAL)","0","0","0","0","0","0","0","0","0","0","0","0.0%"
"484","L.J. Collier (ARI)","1","3","0","0","0","0","0","0","1","0.0","0.0","3.0%"
"485","Emmanuel Ogbah (MIA)","0","0","0","0","0","0","0","0","0","0","0","3.3%"
"486","Joey Bosa (LAC)","0","0","0","0","0","0","0","0","0","0","0","7.9%"
"487","DeForest Buckner (IND)","0","0","0","0","0","0","0","0","0","0","0","25.5%"
"488","Javon Hargrave (SF)","0","0","0","0","0","0","0","0","0","0","0","1.9%"
"489","Jihad Ward (MIN)","0","0","0","0","0","0","0","0","1","0.0","0.0","0.0%"
"490","Dean Lowry (PIT)","0","0","0","0","0","0","0","0","1","0.0","0.0","0.0%"
"491","Matthew Judon (ATL)","1","1","0","0","0","0","0","0","1","0.0","0.0","10.7%"
"492","Shaq Lawson (FA)","0","0","0","0","0","0","0","0","1","0.0","0.0","0.0%"
"493","A'Shawn Robinson (CAR)","0","0","0","0","0","0","0","0","0","0","0","6.7%"
"494","Andrew Billings (CHI)","0","0","0","0","0","0","0","0","0","0","0","0.1%"
"495","Leonard Floyd (SF)","1","4","1","0","0","0","0","0","1","0.0","0.0","5.7%"
"496","Mario Edwards Jr. (HOU)","0","0","0","0","0","0","0","0","0","0","0","0.1%"
"497","Za'Darius Smith (DET)","1","1","1","0","0","0","0","0","1","0.0","0.0","2.6%"
"498","Bud Dupree (LAC)","1","1","0","0","0","0","0","0","1","0.0","0.0","0.7%"
"499","Preston Smith (PIT)","0","1","0","0","0","0","0","0","1","0.0","0.0","2.2%"
"500","Carl Davis Jr. (WAS)","0","0","0","0","0","0","0","0","0","0","0","0.0%"
"501","Eddie Goldman (ATL)","0","0","0","0","0","0","0","0","1","0.0","0.0","0.0%"
"502","Jordan Phillips (BUF)","0","0","0","0","0","0","0","0","0","0","0","0.1%"
"503","Angelo Blackson (ARI)","0","0","0","0","0","0","0","0","0","0","0","0.0%"
"504","Carl Lawson (DAL)","0","0","0","0","0","0","0","0","0","0","0","0.2%"
"505","Carlos Watkins (DAL)","0","0","0","0","0","0","0","0","0","0","0","0.0%"
"506","DeMarcus Walker (CHI)","0","0","0","0","0","0","0","0","0","0","0","1.1%"
"507","Tanoh Kpassagnon (NO)","0","0","0","0","0","0","0","0","0","0","0","0.0%"
"508","Solomon Thomas (NYJ)","0","0","0","0","0","0","0","0","1","0.0","0.0","0.1%"
"509","Jonathan Allen (WAS)","0","0","0","0","0","0","0","0","0","0","0","3.0%"
"510","Takk McKinley (NYJ)","1","1","0","0","0","0","0","0","1","0.0","0.0","0.0%"
"511","Haason Reddick (NYJ)","0","0","0","0","0","0","0","0","0","0","0","10.3%"
"512","Chris Wormley (BAL)","0","0","0","0","0","0","0","0","0","0","0","0.0%"
"513","T.J. Watt (PIT)","0","1","0","1","0","0","0","0","1","0.0","0.0","75.7%"
"514","Tyus Bowser (MIA)","1","1","0","0","0","0","0","0","1","0.0","0.0","0.1%"
"515","Josh Tupou (BAL)","0","0","0","0","0","0","0","0","0","0","0","0.0%"
"516","Eli Ankou (BUF)","0","0","0","0","0","0","0","0","0","0","0","0.0%"
"517","Montravius Adams (PIT)","0","0","0","0","0","0","0","0","1","0.0","0.0","0.0%"
"518","Al-Quadin Muhammad (DET)","0","0","0","0","0","0","0","0","0","0","0","0.0%"
"519","Samson Ebukam (IND)","0","0","0","0","0","0","0","0","0","0","0","0.1%"
"520","Quinton Jefferson (BUF)","0","0","0","0","0","0","0","0","0","0","0","0.1%"
"521","Morgan Fox (LAC)","0","0","0","0","0","0","0","0","1","0.0","0.0","0.1%"
"522","Kyle Peko (DET)","0","0","0","0","0","0","0","0","0","0","0","0.0%"
"523","Zach Wood (NO)","0","0","0","0","0","0","0","0","0","0","0","0.0%"
""
""