Rank,Player,CMP,ATT,PCT,YDS,Y/A,TD,INT,SACKS,ATT,YDS,TD,FL,G,FPTS,FPTS/G,ROST,WEEK,TEAM
1,Josh Allen (BUF),18,23,78.3,232,10.1,2,0,2,9,39,2,1,1,31.2,31.2,99.7%,1,BUF
2,Baker Mayfield (TB),24,30,80.0,289,9.6,4,0,1,3,21,0,0,1,29.7,29.7,84.1%,1,TB
3,Jayden Daniels (WAS),17,24,70.8,184,7.7,0,0,2,16,88,2,0,1,28.2,28.2,98.1%,1,WAS
4,Anthony Richardson (IND),9,19,47.4,212,11.2,2,1,2,6,56,1,0,1,27.1,27.1,62.6%,1,IND
5,Lamar Jackson (BAL),26,41,63.4,273,6.7,1,0,1,16,122,0,1,1,25.1,25.1,99.8%,1,BAL
6,Derek Carr (NO),19,23,82.6,200,8.7,3,0,1,2,13,0,0,1,21.3,21.3,27.5%,1,NO
7,Geno Smith (SEA),18,25,72.0,171,6.8,1,1,2,4,30,1,0,1,18.8,18.8,59.2%,1,SEA
8,C.J. Stroud (HOU),24,32,75.0,234,7.3,2,0,4,4,13,0,0,1,18.7,18.7,93.6%,1,HOU
9,Tua Tagovailoa (MIA),23,37,62.2,338,9.1,1,0,3,1,11,0,0,1,18.6,18.6,62.7%,1,MIA
10,Jalen Hurts (PHI),20,34,58.8,278,8.2,2,2,2,13,33,0,1,1,18.4,18.4,99.7%,1,PHI
11,Jordan Love (GB),17,34,50.0,260,7.6,2,1,1,0,0,0,0,1,17.4,17.4,88.1%,1,GB
12,Matthew Stafford (LAR),34,49,69.4,317,6.5,1,1,2,0,0,0,0,1,15.7,15.7,51.3%,1,LAR
13,Sam Darnold (MIN),19,24,79.2,208,8.7,2,1,1,3,3,0,0,1,15.6,15.6,66.1%,1,MIN
14,Patrick Mahomes II (KC),20,28,71.4,291,10.4,1,1,2,2,3,0,0,1,15.1,15.1,97.8%,1,KC
15,Kyler Murray (ARI),21,31,67.7,162,5.2,1,0,4,5,57,0,1,1,14.2,14.2,94.5%,1,ARI
16,Bo Nix (DEN),26,42,61.9,138,3.3,0,2,2,5,35,1,0,1,13.0,13.0,64.4%,1,DEN
17,Deshaun Watson (CLE),24,45,53.3,169,3.8,1,2,6,5,39,0,0,1,12.7,12.7,7.6%,1,CLE
18,Jared Goff (DET),18,28,64.3,217,7.8,1,1,2,1,7,0,0,1,12.4,12.4,79.5%,1,DET
19,Justin Fields (PIT),17,23,73.9,156,6.8,0,0,2,14,57,0,0,1,11.9,11.9,11.1%,1,PIT
20,Gardner Minshew II (LV),25,33,75.8,257,7.8,1,1,4,3,5,0,1,1,11.8,11.8,5.3%,1,LV
21,Bryce Young (CAR),13,30,43.3,161,5.4,0,2,4,4,12,1,0,1,11.6,11.6,5.2%,1,CAR
22,Dak Prescott (DAL),19,32,59.4,179,5.6,1,0,3,1,3,0,0,1,11.5,11.5,61.0%,1,DAL
23,Trevor Lawrence (JAC),12,21,57.1,162,7.7,1,0,3,1,8,0,0,1,11.3,11.3,32.3%,1,JAC
24,Justin Herbert (LAC),17,26,65.4,144,5.5,1,0,1,4,6,0,0,1,10.4,10.4,64.8%,1,LAC
25,Brock Purdy (SF),19,29,65.5,231,8.0,0,0,2,1,11,0,0,1,10.3,10.3,91.5%,1,SF
26,Aaron Rodgers (NYJ),13,21,61.9,167,8.0,1,1,1,1,-1,0,0,1,9.6,9.6,45.1%,1,NYJ
27,Will Levis (TEN),19,32,59.4,127,4.0,1,2,3,4,36,0,1,1,8.7,8.7,9.4%,1,TEN
28,Kirk Cousins (ATL),16,26,61.5,155,6.0,1,2,2,1,0,0,0,1,8.2,8.2,63.9%,1,ATL
29,Joe Burrow (CIN),21,29,72.4,164,5.7,0,0,3,4,15,0,0,1,8.1,8.1,97.3%,1,CIN
30,Jacoby Brissett (NE),15,24,62.5,121,5.0,0,0,1,7,32,0,0,1,8.0,8.0,2.4%,1,NE
31,Caleb Williams (CHI),14,29,48.3,93,3.2,0,0,2,5,15,0,0,1,7.2,7.2,51.0%,1,CHI
32,Daniel Jones (FA),22,42,52.4,186,4.4,0,2,5,6,15,0,0,1,6.9,6.9,14.1%,1,FA
33,Tyrod Taylor (NYJ),6,8,75.0,36,4.5,1,0,0,1,7,0,0,1,6.1,6.1,1.0%,1,NYJ
83,Adam Froman (ATL),0,0,0,0,0,0,0,0,0,0,0,0,0,0,0,0.0%,1,ATL
69,Adrian Martinez (NYJ),0,0,0,0,0,0,0,0,0,0,0,0,0,0,0,0.0%,1,NYJ
73,Aidan O'Connell (LV),0,0,0,0,0,0,0,0,0,0,0,0,0,0,0,1.6%,1,LV
104,Alex McGough (GB),0,0,0,0,0,0,0,0,0,0,0,0,0,0,0,0.0%,1,GB
81,Andy Dalton (CAR),0,1,0.0,0,0.0,0,0,0,0,0,0,0,1,0.0,0.0,2.1%,1,CAR
75,Anthony Brown Jr. (ARI),0,0,0,0,0,0,0,0,0,0,0,0,0,0,0,0.0%,1,ARI
56,Austin Reed (CHI),0,0,0,0,0,0,0,0,0,0,0,0,1,0.0,0.0,0.0%,1,CHI
78,Bailey Zappe (CLE),0,0,0,0,0,0,0,0,0,0,0,0,0,0,0,0.0%,1,CLE
82,Ben Chappell (WAS),0,0,0,0,0,0,0,0,0,0,0,0,0,0,0,0.0%,1,WAS
102,Brett Rypien (MIN),0,0,0,0,0,0,0,0,0,0,0,0,0,0,0,0.0%,1,MIN
111,Brett Smith (TB),0,0,0,0,0,0,0,0,0,0,0,0,0,0,0,0.0%,1,TB
97,C.J. Beathard (JAC),0,0,0,0,0,0,0,0,0,0,0,0,0,0,0,0.0%,1,JAC
113,Carson Wentz (KC),0,0,0,0,0,0,0,0,0,0,0,0,0,0,0,0.1%,1,KC
57,Carter Bradley (LV),0,0,0,0,0,0,0,0,0,0,0,0,0,0,0,0.0%,1,LV
87,Case Keenum (HOU),0,0,0,0,0,0,0,0,0,0,0,0,0,0,0,0.0%,1,HOU
53,Chris Oladokun (KC),0,0,0,0,0,0,0,0,0,0,0,0,0,0,0,0.0%,1,KC
54,Clayton Tune (ARI),0,0,0,0,0,0,0,0,0,0,0,0,0,0,0,0.0%,1,ARI
37,Davis Mills (HOU),0,0,0,0,0,0,0,0,0,0,0,0,0,0,0,0.1%,1,HOU
46,Desmond Ridder (LV),0,0,0,0,0,0,0,0,0,0,0,0,0,0,0,0.1%,1,LV
51,Devin Leary (BAL),0,0,0,0,0,0,0,0,0,0,0,0,0,0,0,0.0%,1,BAL
48,Dorian Thompson-Robinson (CLE),0,0,0,0,0,0,0,0,0,0,0,0,0,0,0,0.1%,1,CLE
66,Drake Maye (NE),0,0,0,0,0,0,0,0,0,0,0,0,0,0,0,21.5%,1,NE
107,Drew Lock (NYG),0,0,0,0,0,0,0,0,0,0,0,0,0,0,0,0.8%,1,NYG
100,Easton Stick (LAC),0,0,0,0,0,0,0,0,0,0,0,0,0,0,0,0.0%,1,LAC
85,Erik Ainge (NYJ),0,0,0,0,0,0,0,0,0,0,0,0,0,0,0,0.0%,1,NYJ
44,Feleipe Franks (CAR),0,0,0,0,0,0,0,0,0,0,0,0,1,0.0,0.0,0.0%,1,CAR
64,Hendon Hooker (DET),0,0,0,0,0,0,0,0,0,0,0,0,0,0,0,0.2%,1,DET
84,Hunter Cantwell (BAL),0,0,0,0,0,0,0,0,0,0,0,0,0,0,0,0.0%,1,BAL
72,J.J. McCarthy (MIN),0,0,0,0,0,0,0,0,0,0,0,0,0,0,0,2.0%,1,MIN
34,Jack Plummer (CAR),0,0,0,0,0,0,0,0,0,0,0,0,0,0,0,0.0%,1,CAR
101,Jake Browning (CIN),0,0,0,0,0,0,0,0,0,0,0,0,0,0,0,0.6%,1,CIN
39,Jake Fromm (DET),0,0,0,0,0,0,0,0,0,0,0,0,0,0,0,0.0%,1,DET
49,Jake Haener (NO),0,1,0.0,0,0.0,0,0,0,0,0,0,0,1,0.0,0.0,0.0%,1,NO
42,Jake Luton (FA),0,0,0,0,0,0,0,0,0,0,0,0,1,0.0,0.0,0.0%,1,FA
109,Jameis Winston (CLE),0,0,0,0,0,0,0,0,0,0,0,0,0,0,0,13.1%,1,CLE
74,Jaren Hall (SEA),0,0,0,0,0,0,0,0,0,0,0,0,0,0,0,0.0%,1,SEA
99,Jarrett Stidham (DEN),0,0,0,0,0,0,0,0,0,0,0,0,0,0,0,1.1%,1,DEN
61,Jason Bean (IND),0,0,0,0,0,0,0,0,0,0,0,0,0,0,0,0.0%,1,IND
114,Jeff Driskel (WAS),0,0,0,0,0,0,0,0,0,0,0,0,1,0.0,0.0,0.0%,1,WAS
110,Jimmy Garoppolo (LAR),0,0,0,0,0,0,0,0,0,0,0,0,0,0,0,0.1%,1,LAR
88,Joe Flacco (IND),0,0,0,0,0,0,0,0,0,0,0,0,0,0,0,6.4%,1,IND
55,Joe Milton III (NE),0,0,0,0,0,0,0,0,0,0,0,0,0,0,0,0.1%,1,NE
67,John Rhys Plumlee (SEA),0,0,0,0,0,0,0,0,0,0,0,0,0,0,0,0.0%,1,SEA
59,Jordan Travis (NYJ),0,0,0,0,0,0,0,0,0,0,0,0,0,0,0,0.1%,1,NYJ
89,Josh Johnson (BAL),0,0,0,0,0,0,0,0,0,0,0,0,0,0,0,0.1%,1,BAL
94,Joshua Dobbs (SF),0,0,0,0,0,0,0,0,0,0,0,0,0,0,0,0.1%,1,SF
79,Kedon Slovis (HOU),0,0,0,0,0,0,0,0,0,0,0,0,0,0,0,0.0%,1,HOU
36,Kenny Pickett (PHI),0,0,0,0,0,0,0,0,0,0,0,0,0,0,0,0.2%,1,PHI
103,Kyle Allen (PIT),0,0,0,0,0,0,0,0,0,0,0,0,0,0,0,0.0%,1,PIT
92,Logan Woodside (CIN),0,0,0,0,0,0,0,0,0,0,0,0,0,0,0,0.0%,1,CIN
43,Mac Jones (JAC),0,0,0,0,0,0,0,0,0,0,0,0,0,0,0,1.8%,1,JAC
70,Malik Cunningham (BAL),0,0,0,0,0,0,0,0,0,0,0,0,0,0,0,0.0%,1,BAL
80,Malik Willis (GB),0,1,0.0,0,0.0,0,0,1,0,0,0,0,1,0.0,0.0,2.0%,1,GB
108,Marcus Mariota (WAS),0,0,0,0,0,0,0,0,0,0,0,0,0,0,0,0.9%,1,WAS
91,Mason Rudolph (TEN),0,0,0,0,0,0,0,0,0,0,0,0,0,0,0,0.7%,1,TEN
71,Michael Penix Jr. (ATL),0,0,0,0,0,0,0,0,0,0,0,0,0,0,0,1.9%,1,ATL
52,Michael Pratt (TB),0,0,0,0,0,0,0,0,0,0,0,0,0,0,0,0.0%,1,TB
93,Mike White (BUF),0,0,0,0,0,0,0,0,0,0,0,0,0,0,0,0.0%,1,BUF
95,Mitchell Trubisky (BUF),0,0,0,0,0,0,0,0,0,0,0,0,0,0,0,0.1%,1,BUF
96,Nathan Peterman (ATL),0,0,0,0,0,0,0,0,0,0,0,0,0,0,0,0.0%,1,ATL
98,Nick Mullens (MIN),0,0,0,0,0,0,0,0,0,0,0,0,0,0,0,0.1%,1,MIN
86,Russell Wilson (PIT),0,0,0,0,0,0,0,0,0,0,0,0,0,0,0,38.3%,1,PIT
38,Sam Ehlinger (IND),0,0,0,0,0,0,0,0,0,0,0,0,0,0,0,0.0%,1,IND
63,Sam Hartman (WAS),0,0,0,0,0,0,0,0,0,0,0,0,1,0.0,0.0,0.0%,1,WAS
65,Sam Howell (SEA),0,0,0,0,0,0,0,0,0,0,0,0,0,0,0,1.3%,1,SEA
45,Sean Clifford (GB),0,0,0,0,0,0,0,0,0,0,0,0,0,0,0,0.0%,1,GB
41,Shane Buechele (BUF),0,0,0,0,0,0,0,0,0,0,0,0,0,0,0,0.0%,1,BUF
76,Skylar Thompson (MIA),0,0,0,0,0,0,0,0,0,0,0,0,0,0,0,2.0%,1,MIA
68,Spencer Rattler (NO),0,0,0,0,0,0,0,0,0,0,0,0,0,0,0,1.1%,1,NO
77,Stetson Bennett (LAR),0,0,0,0,0,0,0,0,0,0,0,0,0,0,0,0.0%,1,LAR
50,Tanner McKee (PHI),0,0,0,0,0,0,0,0,0,0,0,0,0,0,0,0.0%,1,PHI
58,Tanner Mordecai (SF),0,0,0,0,0,0,0,0,0,0,0,0,0,0,0,0.0%,1,SF
112,Taylor Heinicke (LAC),0,0,0,0,0,0,0,0,0,0,0,0,0,0,0,0.0%,1,LAC
90,Taysom Hill (NO),0,0,0,0,0,0,0,0,5,35,0,0,1,0.0,0.0,45.2%,1,NO
105,Tim Boyle (NYG),0,0,0,0,0,0,0,0,0,0,0,0,0,0,0,0.0%,1,NYG
62,Tommy DeVito (NYG),0,0,0,0,0,0,0,0,0,0,0,0,0,0,0,12.0%,1,NYG
115,Trevor Siemian (TEN),0,0,0,0,0,0,0,0,0,0,0,0,0,0,0,0.0%,1,TEN
47,Trey Lance (DAL),0,0,0,0,0,0,0,0,0,0,0,0,0,0,0,1.1%,1,DAL
40,Tyler Huntley (MIA),0,0,0,0,0,0,0,0,0,0,0,0,0,0,0,1.1%,1,MIA
60,Tyson Bagent (CHI),0,0,0,0,0,0,0,0,0,0,0,0,0,0,0,0.1%,1,CHI
106,Will Grier (DAL),0,0,0,0,0,0,0,0,0,0,0,0,0,0,0,0.0%,1,DAL
35,Zach Wilson (DEN),0,0,0,0,0,0,0,0,0,0,0,0,0,0,0,0.1%,1,DEN
116,Brandon Allen (SF),0,0,0,0,0,0,0,0,1,-1,0,0,1,-0.1,-0.1,3.1%,1,SF
117,Cooper Rush (DAL),0,0,0,0,0,0,0,0,1,-1,0,0,1,-0.1,-0.1,4.2%,1,DAL
118,Kyle Trask (TB),0,0,0,0,0,0,0,0,2,-2,0,0,1,-0.2,-0.2,0.0%,1,TB
1,Kyler Murray (ARI),17,21,81.0,266,12.7,3,0,1,5,59,0,0,1,28.5,28.5,94.5%,2,ARI
2,Jalen Hurts (PHI),23,30,76.7,183,6.1,1,1,1,13,85,1,0,1,24.8,24.8,99.7%,2,PHI
3,Derek Carr (NO),11,16,68.8,243,15.2,2,1,1,1,1,1,0,1,22.8,22.8,27.5%,2,NO
4,Sam Darnold (MIN),17,26,65.4,268,10.3,2,1,3,5,32,0,0,1,20.9,20.9,66.1%,2,MIN
5,Baker Mayfield (TB),12,19,63.2,185,9.7,1,1,5,5,34,1,0,1,19.8,19.8,84.1%,2,TB
6,Daniel Jones (FA),16,28,57.1,178,6.4,2,0,1,5,32,0,0,1,18.3,18.3,14.1%,2,FA
7,Geno Smith (SEA),33,44,75.0,327,7.4,1,0,3,5,8,0,0,1,17.9,17.9,59.2%,2,SEA
8,Kirk Cousins (ATL),20,29,69.0,241,8.3,2,0,1,4,-1,0,0,1,17.5,17.5,63.9%,2,ATL
9,Lamar Jackson (BAL),21,34,61.8,247,7.3,1,1,2,5,45,0,0,1,17.4,17.4,99.8%,2,BAL
10,Joe Burrow (CIN),23,36,63.9,258,7.2,2,0,3,6,9,0,1,1,17.2,17.2,97.3%,2,CIN
11,Deshaun Watson (CLE),22,34,64.7,186,5.5,0,0,2,5,20,1,0,1,15.4,15.4,7.6%,2,CLE
12,Aaron Rodgers (NYJ),18,30,60.0,176,5.9,2,0,2,2,1,0,0,1,15.1,15.1,45.1%,2,NYJ
13,Brock Purdy (SF),28,36,77.8,319,8.9,1,1,6,2,12,0,1,1,15.0,15.0,91.5%,2,SF
14,Patrick Mahomes II (KC),18,25,72.0,151,6.0,2,2,2,4,29,0,0,1,14.9,14.9,97.8%,2,KC
15,Dak Prescott (DAL),27,39,69.2,293,7.5,1,2,3,2,12,0,0,1,14.9,14.9,61.0%,2,DAL
16,C.J. Stroud (HOU),23,36,63.9,260,7.2,1,0,3,1,-1,0,0,1,14.3,14.3,93.6%,2,HOU
17,Gardner Minshew II (LV),30,38,78.9,276,7.3,1,1,5,1,-1,0,0,1,13.9,13.9,5.3%,2,LV
18,Jayden Daniels (WAS),23,29,79.3,226,7.8,0,0,5,10,44,0,0,1,13.4,13.4,98.1%,2,WAS
19,Trevor Lawrence (JAC),14,30,46.7,220,7.3,0,0,4,2,45,0,0,1,13.3,13.3,32.3%,2,JAC
20,Malik Willis (GB),12,14,85.7,122,8.7,1,0,0,6,41,0,0,1,13.0,13.0,2.0%,2,GB
21,Anthony Richardson (IND),17,34,50.0,204,6.0,1,3,1,4,37,0,0,1,12.9,12.9,62.6%,2,IND
22,Will Levis (TEN),19,28,67.9,192,6.9,1,1,4,4,38,0,1,1,12.5,12.5,9.4%,2,TEN
23,Justin Herbert (LAC),14,20,70.0,130,6.5,2,1,1,6,18,0,1,1,12.0,12.0,64.8%,2,LAC
24,Justin Fields (PIT),13,20,65.0,117,5.9,1,0,2,8,27,0,0,1,11.4,11.4,11.1%,2,PIT
25,Jared Goff (DET),34,55,61.8,307,5.6,0,2,0,2,5,0,0,1,10.8,10.8,79.5%,2,DET
26,Jacoby Brissett (NE),15,27,55.6,149,5.5,1,0,3,2,6,0,0,1,10.6,10.6,2.4%,2,NE
27,Bo Nix (DEN),20,35,57.1,246,7.0,0,2,2,4,25,0,0,1,10.3,10.3,64.4%,2,DEN
28,Josh Allen (BUF),13,19,68.4,139,7.3,1,0,0,2,2,0,0,1,9.8,9.8,99.7%,2,BUF
29,Caleb Williams (CHI),23,37,62.2,174,4.7,0,2,7,5,44,0,0,1,9.4,9.4,51.0%,2,CHI
30,Tua Tagovailoa (MIA),17,25,68.0,145,5.8,1,3,1,2,17,0,0,1,8.5,8.5,62.7%,2,MIA
31,Matthew Stafford (LAR),19,27,70.4,216,8.0,0,0,5,0,0,0,1,1,6.6,6.6,51.3%,2,LAR
32,Skylar Thompson (MIA),8,14,57.1,80,5.7,0,0,1,1,4,0,0,1,3.6,3.6,2.0%,2,MIA
33,Bryce Young (CAR),18,26,69.2,84,3.2,0,1,2,1,6,0,0,1,3.0,3.0,5.2%,2,CAR
34,Jameis Winston (CLE),0,0,0,0,0,0,0,0,2,4,0,0,1,0.4,0.4,13.1%,2,CLE
35,Cooper Rush (DAL),1,3,33.3,6,2.0,0,0,0,0,0,0,0,1,0.2,0.2,4.2%,2,DAL
83,Adam Froman (ATL),0,0,0,0,0,0,0,0,0,0,0,0,0,0,0,0.0%,2,ATL
72,Adrian Martinez (NYJ),0,0,0,0,0,0,0,0,0,0,0,0,0,0,0,0.0%,2,NYJ
73,Aidan O'Connell (LV),0,0,0,0,0,0,0,0,0,0,0,0,0,0,0,1.6%,2,LV
103,Alex McGough (GB),0,0,0,0,0,0,0,0,0,0,0,0,0,0,0,0.0%,2,GB
80,Andy Dalton (CAR),0,0,0,0,0,0,0,0,0,0,0,0,0,0,0,2.1%,2,CAR
76,Anthony Brown Jr. (ARI),0,0,0,0,0,0,0,0,0,0,0,0,0,0,0,0.0%,2,ARI
59,Austin Reed (CHI),0,0,0,0,0,0,0,0,0,0,0,0,0,0,0,0.0%,2,CHI
78,Bailey Zappe (CLE),0,0,0,0,0,0,0,0,0,0,0,0,0,0,0,0.0%,2,CLE
82,Ben Chappell (WAS),0,0,0,0,0,0,0,0,0,0,0,0,0,0,0,0.0%,2,WAS
113,Brandon Allen (SF),0,0,0,0,0,0,0,0,0,0,0,0,0,0,0,3.1%,2,SF
101,Brett Rypien (MIN),0,0,0,0,0,0,0,0,0,0,0,0,0,0,0,0.0%,2,MIN
109,Brett Smith (TB),0,0,0,0,0,0,0,0,0,0,0,0,0,0,0,0.0%,2,TB
96,C.J. Beathard (JAC),0,0,0,0,0,0,0,0,0,0,0,0,0,0,0,0.0%,2,JAC
111,Carson Wentz (KC),0,0,0,0,0,0,0,0,0,0,0,0,0,0,0,0.1%,2,KC
60,Carter Bradley (LV),0,0,0,0,0,0,0,0,0,0,0,0,0,0,0,0.0%,2,LV
87,Case Keenum (HOU),0,0,0,0,0,0,0,0,0,0,0,0,0,0,0,0.0%,2,HOU
55,Chris Oladokun (KC),0,0,0,0,0,0,0,0,0,0,0,0,0,0,0,0.0%,2,KC
38,Davis Mills (HOU),0,0,0,0,0,0,0,0,0,0,0,0,0,0,0,0.1%,2,HOU
46,Desmond Ridder (LV),0,0,0,0,0,0,0,0,0,0,0,0,0,0,0,0.1%,2,LV
56,Devin Leary (BAL),0,0,0,0,0,0,0,0,0,0,0,0,0,0,0,0.0%,2,BAL
49,Dorian Thompson-Robinson (CLE),0,0,0,0,0,0,0,0,0,0,0,0,0,0,0,0.1%,2,CLE
66,Drake Maye (NE),0,0,0,0,0,0,0,0,0,0,0,0,0,0,0,21.5%,2,NE
106,Drew Lock (NYG),0,0,0,0,0,0,0,0,0,0,0,0,0,0,0,0.8%,2,NYG
99,Easton Stick (LAC),0,0,0,0,0,0,0,0,0,0,0,0,0,0,0,0.0%,2,LAC
84,Erik Ainge (NYJ),0,0,0,0,0,0,0,0,0,0,0,0,0,0,0,0.0%,2,NYJ
47,Feleipe Franks (CAR),0,0,0,0,0,0,0,0,0,0,0,0,1,0.0,0.0,0.0%,2,CAR
74,Hendon Hooker (DET),0,0,0,0,0,0,0,0,0,0,0,0,0,0,0,0.2%,2,DET
85,Hunter Cantwell (BAL),0,0,0,0,0,0,0,0,0,0,0,0,0,0,0,0.0%,2,BAL
71,J.J. McCarthy (MIN),0,0,0,0,0,0,0,0,0,0,0,0,0,0,0,2.0%,2,MIN
61,Jack Plummer (CAR),0,0,0,0,0,0,0,0,0,0,0,0,0,0,0,0.0%,2,CAR
100,Jake Browning (CIN),0,0,0,0,0,0,0,0,0,0,0,0,0,0,0,0.6%,2,CIN
42,Jake Fromm (DET),0,0,0,0,0,0,0,0,0,0,0,0,0,0,0,0.0%,2,DET
79,Jaren Hall (SEA),0,0,0,0,0,0,0,0,0,0,0,0,0,0,0,0.0%,2,SEA
98,Jarrett Stidham (DEN),0,0,0,0,0,0,0,0,0,0,0,0,0,0,0,1.1%,2,DEN
62,Jason Bean (IND),0,0,0,0,0,0,0,0,0,0,0,0,0,0,0,0.0%,2,IND
112,Jeff Driskel (WAS),0,0,0,0,0,0,0,0,0,0,0,0,1,0.0,0.0,0.0%,2,WAS
108,Jimmy Garoppolo (LAR),0,0,0,0,0,0,0,0,0,0,0,0,0,0,0,0.1%,2,LAR
88,Joe Flacco (IND),0,0,0,0,0,0,0,0,0,0,0,0,0,0,0,6.4%,2,IND
64,Joe Milton III (NE),0,0,0,0,0,0,0,0,0,0,0,0,0,0,0,0.1%,2,NE
58,John Rhys Plumlee (SEA),0,0,0,0,0,0,0,0,0,0,0,0,0,0,0,0.0%,2,SEA
43,Jordan Love (GB),0,0,0,0,0,0,0,0,0,0,0,0,0,0,0,88.1%,2,GB
54,Jordan Travis (NYJ),0,0,0,0,0,0,0,0,0,0,0,0,0,0,0,0.1%,2,NYJ
89,Josh Johnson (BAL),0,0,0,0,0,0,0,0,0,0,0,0,0,0,0,0.1%,2,BAL
94,Joshua Dobbs (SF),0,0,0,0,0,0,0,0,0,0,0,0,1,0.0,0.0,0.1%,2,SF
67,Kedon Slovis (HOU),0,0,0,0,0,0,0,0,0,0,0,0,0,0,0,0.0%,2,HOU
37,Kenny Pickett (PHI),0,0,0,0,0,0,0,0,0,0,0,0,0,0,0,0.2%,2,PHI
102,Kyle Allen (PIT),0,0,0,0,0,0,0,0,0,0,0,0,0,0,0,0.0%,2,PIT
39,Kyle Trask (TB),0,0,0,0,0,0,0,0,0,0,0,0,0,0,0,0.0%,2,TB
92,Logan Woodside (CIN),0,0,0,0,0,0,0,0,0,0,0,0,0,0,0,0.0%,2,CIN
50,Mac Jones (JAC),0,0,0,0,0,0,0,0,0,0,0,0,0,0,0,1.8%,2,JAC
69,Malik Cunningham (BAL),0,0,0,0,0,0,0,0,0,0,0,0,0,0,0,0.0%,2,BAL
107,Marcus Mariota (WAS),0,0,0,0,0,0,0,0,0,0,0,0,0,0,0,0.9%,2,WAS
91,Mason Rudolph (TEN),0,0,0,0,0,0,0,0,0,0,0,0,0,0,0,0.7%,2,TEN
68,Michael Penix Jr. (ATL),0,0,0,0,0,0,0,0,0,0,0,0,0,0,0,1.9%,2,ATL
51,Michael Pratt (TB),0,0,0,0,0,0,0,0,0,0,0,0,0,0,0,0.0%,2,TB
93,Mike White (BUF),0,0,0,0,0,0,0,0,0,0,0,0,0,0,0,0.0%,2,BUF
95,Nathan Peterman (ATL),0,0,0,0,0,0,0,0,0,0,0,0,0,0,0,0.0%,2,ATL
97,Nick Mullens (MIN),0,0,0,0,0,0,0,0,0,0,0,0,0,0,0,0.1%,2,MIN
86,Russell Wilson (PIT),0,0,0,0,0,0,0,0,0,0,0,0,0,0,0,38.3%,2,PIT
40,Sam Ehlinger (IND),0,0,0,0,0,0,0,0,0,0,0,0,0,0,0,0.0%,2,IND
75,Sam Hartman (WAS),0,0,0,0,0,0,0,0,0,0,0,0,0,0,0,0.0%,2,WAS
70,Sam Howell (SEA),0,0,0,0,0,0,0,0,0,0,0,0,0,0,0,1.3%,2,SEA
41,Sean Clifford (GB),0,0,0,0,0,0,0,0,0,0,0,0,0,0,0,0.0%,2,GB
45,Shane Buechele (BUF),0,0,0,0,0,0,0,0,0,0,0,0,0,0,0,0.0%,2,BUF
65,Spencer Rattler (NO),0,0,0,0,0,0,0,0,0,0,0,0,0,0,0,1.1%,2,NO
77,Stetson Bennett (LAR),0,0,0,0,0,0,0,0,0,0,0,0,0,0,0,0.0%,2,LAR
57,Tanner McKee (PHI),0,0,0,0,0,0,0,0,0,0,0,0,0,0,0,0.0%,2,PHI
52,Tanner Mordecai (SF),0,0,0,0,0,0,0,0,0,0,0,0,0,0,0,0.0%,2,SF
110,Taylor Heinicke (LAC),0,0,0,0,0,0,0,0,0,0,0,0,0,0,0,0.0%,2,LAC
90,Taysom Hill (NO),0,0,0,0,0,0,0,0,3,18,0,0,1,0.0,0.0,45.2%,2,NO
104,Tim Boyle (NYG),0,0,0,0,0,0,0,0,0,0,0,0,0,0,0,0.0%,2,NYG
63,Tommy DeVito (NYG),0,0,0,0,0,0,0,0,0,0,0,0,0,0,0,12.0%,2,NYG
114,Trevor Siemian (TEN),0,0,0,0,0,0,0,0,0,0,0,0,0,0,0,0.0%,2,TEN
48,Trey Lance (DAL),0,0,0,0,0,0,0,0,0,0,0,0,0,0,0,1.1%,2,DAL
44,Tyler Huntley (MIA),0,0,0,0,0,0,0,0,0,0,0,0,0,0,0,1.1%,2,MIA
81,Tyrod Taylor (NYJ),0,0,0,0,0,0,0,0,0,0,0,0,0,0,0,1.0%,2,NYJ
53,Tyson Bagent (CHI),0,0,0,0,0,0,0,0,0,0,0,0,0,0,0,0.1%,2,CHI
105,Will Grier (DAL),0,0,0,0,0,0,0,0,0,0,0,0,0,0,0,0.0%,2,DAL
36,Zach Wilson (DEN),0,0,0,0,0,0,0,0,0,0,0,0,0,0,0,0.1%,2,DEN
115,Mitchell Trubisky (BUF),0,0,0,0,0,0,0,0,2,-2,0,0,1,-0.2,-0.2,0.1%,2,BUF
116,Jake Haener (NO),0,0,0,0,0,0,0,0,3,-3,0,0,1,-0.3,-0.3,0.0%,2,NO
117,Clayton Tune (ARI),0,0,0,0,0,0,0,0,1,-6,0,1,1,-2.6,-2.6,0.0%,2,ARI
1,Josh Allen (BUF),23,30,76.7,263,8.8,4,0,0,6,44,0,0,1,30.9,30.9,99.7%,3,BUF
2,Dak Prescott (DAL),28,51,54.9,379,7.4,2,0,3,2,7,1,0,1,29.9,29.9,61.0%,3,DAL
3,Jayden Daniels (WAS),21,23,91.3,254,11.0,2,0,2,12,39,1,0,1,28.1,28.1,98.1%,3,WAS
4,Lamar Jackson (BAL),12,15,80.0,182,12.1,1,0,0,14,87,1,0,1,26.0,26.0,99.8%,3,BAL
5,Brock Purdy (SF),22,30,73.3,292,9.7,3,0,1,10,41,0,1,1,25.8,25.8,91.5%,3,SF
6,Malik Willis (GB),13,19,68.4,202,10.6,1,0,3,6,73,1,0,1,25.4,25.4,2.0%,3,GB
7,Joe Burrow (CIN),29,38,76.3,324,8.5,3,0,2,1,4,0,0,1,25.4,25.4,97.3%,3,CIN
8,Andy Dalton (CAR),26,37,70.3,319,8.6,3,0,2,2,-2,0,0,1,24.6,24.6,2.1%,3,CAR
9,Sam Darnold (MIN),17,28,60.7,181,6.5,4,0,4,0,0,0,0,1,23.2,23.2,66.1%,3,MIN
10,Aaron Rodgers (NYJ),27,35,77.1,281,8.0,2,0,2,3,18,0,0,1,21.0,21.0,45.1%,3,NYJ
12,Daniel Jones (FA),24,34,70.6,236,6.9,2,0,2,8,20,0,0,1,19.4,19.4,14.1%,3,FA
11,Justin Fields (PIT),25,32,78.1,245,7.7,1,1,2,6,6,1,0,1,19.4,19.4,11.1%,3,PIT
14,Bo Nix (DEN),25,36,69.4,216,6.0,0,0,0,9,47,1,0,1,19.3,19.3,64.4%,3,DEN
13,Caleb Williams (CHI),33,52,63.5,363,7.0,2,2,4,1,8,0,1,1,19.3,19.3,51.0%,3,CHI
15,Patrick Mahomes II (KC),26,39,66.7,217,5.6,2,1,0,6,17,0,0,1,17.4,17.4,97.8%,3,KC
16,Deshaun Watson (CLE),21,37,56.8,196,5.3,2,0,8,4,26,0,2,1,16.4,16.4,7.6%,3,CLE
17,Kyler Murray (ARI),21,34,61.8,207,6.1,1,1,1,5,45,0,0,1,15.8,15.8,94.5%,3,ARI
18,Jared Goff (DET),18,23,78.3,199,8.7,2,1,2,3,6,0,0,1,15.6,15.6,79.5%,3,DET
19,Will Levis (TEN),26,34,76.5,260,7.6,2,2,8,3,12,0,1,1,15.6,15.6,9.4%,3,TEN
20,Gardner Minshew II (LV),18,28,64.3,214,7.6,1,1,2,3,14,0,0,1,15.0,15.0,5.3%,3,LV
21,Geno Smith (SEA),26,34,76.5,289,8.5,1,2,3,2,-2,0,0,1,13.4,13.4,59.2%,3,SEA
22,Matthew Stafford (LAR),16,25,64.0,221,8.8,1,0,3,0,0,0,0,1,12.8,12.8,51.3%,3,LAR
23,Kirk Cousins (ATL),20,29,69.0,230,7.9,1,1,2,1,-1,0,0,1,12.1,12.1,63.9%,3,ATL
24,Jalen Hurts (PHI),29,38,76.3,311,8.2,0,1,4,8,25,0,1,1,11.9,11.9,99.7%,3,PHI
25,C.J. Stroud (HOU),20,31,64.5,215,6.9,1,2,4,3,12,0,0,1,11.8,11.8,93.6%,3,HOU
26,Trevor Lawrence (JAC),21,38,55.3,178,4.7,1,1,4,2,3,0,0,1,10.4,10.4,32.3%,3,JAC
27,Baker Mayfield (TB),25,33,75.8,163,4.9,1,1,7,0,0,0,0,1,9.5,9.5,84.1%,3,TB
28,Justin Herbert (LAC),12,18,66.7,125,6.9,1,0,2,1,0,0,0,1,9.0,9.0,64.8%,3,LAC
29,Derek Carr (NO),14,25,56.0,142,5.7,1,1,1,2,3,0,0,1,9.0,9.0,27.5%,3,NO
30,Aidan O'Connell (LV),9,12,75.0,82,6.8,1,0,1,0,0,0,0,1,7.3,7.3,1.6%,3,LV
31,Anthony Richardson (IND),10,20,50.0,167,8.4,0,2,1,8,24,0,0,1,7.1,7.1,62.6%,3,IND
32,Skylar Thompson (MIA),13,19,68.4,107,5.6,0,0,5,0,0,0,0,1,4.3,4.3,2.0%,3,MIA
33,Jacoby Brissett (NE),12,18,66.7,98,5.4,0,0,5,0,0,0,0,1,3.9,3.9,2.4%,3,NE
34,Tim Boyle (NYG),7,13,53.8,79,6.1,0,0,1,1,6,0,0,1,3.8,3.8,0.0%,3,NYG
35,Davis Mills (HOU),7,12,58.3,79,6.6,0,0,1,0,0,0,0,1,3.2,3.2,0.1%,3,HOU
36,Drake Maye (NE),4,8,50.0,22,2.8,0,0,2,2,12,0,0,1,2.1,2.1,21.5%,3,NE
37,Taylor Heinicke (LAC),2,2,100.0,24,12.0,0,0,3,0,0,0,0,1,1.0,1.0,0.0%,3,LAC
38,Jameis Winston (CLE),0,0,0,0,0,0,0,0,2,1,0,0,1,0.1,0.1,13.1%,3,CLE
85,Adam Froman (ATL),0,0,0,0,0,0,0,0,0,0,0,0,0,0,0,0.0%,3,ATL
68,Adrian Martinez (NYJ),0,0,0,0,0,0,0,0,0,0,0,0,0,0,0,0.0%,3,NYJ
106,Alex McGough (GB),0,0,0,0,0,0,0,0,0,0,0,0,0,0,0,0.0%,3,GB
78,Anthony Brown Jr. (ARI),0,0,0,0,0,0,0,0,0,0,0,0,0,0,0,0.0%,3,ARI
39,Austin Reed (CHI),0,0,0,0,0,0,0,0,0,0,0,0,0,0,0,0.0%,3,CHI
76,Bailey Zappe (CLE),0,0,0,0,0,0,0,0,0,0,0,0,0,0,0,0.0%,3,CLE
84,Ben Chappell (WAS),0,0,0,0,0,0,0,0,0,0,0,0,0,0,0,0.0%,3,WAS
114,Brandon Allen (SF),0,0,0,0,0,0,0,0,0,0,0,0,0,0,0,3.1%,3,SF
105,Brett Rypien (MIN),0,0,0,0,0,0,0,0,0,0,0,0,0,0,0,0.0%,3,MIN
111,Brett Smith (TB),0,0,0,0,0,0,0,0,0,0,0,0,0,0,0,0.0%,3,TB
42,Bryce Young (CAR),0,0,0,0,0,0,0,0,0,0,0,0,0,0,0,5.2%,3,CAR
99,C.J. Beathard (JAC),0,0,0,0,0,0,0,0,0,0,0,0,0,0,0,0.0%,3,JAC
115,Carson Wentz (KC),0,0,0,0,0,0,0,0,0,0,0,0,0,0,0,0.1%,3,KC
66,Carter Bradley (LV),0,0,0,0,0,0,0,0,0,0,0,0,0,0,0,0.0%,3,LV
89,Case Keenum (HOU),0,0,0,0,0,0,0,0,0,0,0,0,0,0,0,0.0%,3,HOU
59,Chris Oladokun (KC),0,0,0,0,0,0,0,0,0,0,0,0,0,0,0,0.0%,3,KC
63,Clayton Tune (ARI),0,0,0,0,0,0,0,0,0,0,0,0,0,0,0,0.0%,3,ARI
100,Cooper Rush (DAL),0,0,0,0,0,0,0,0,0,0,0,0,0,0,0,4.2%,3,DAL
50,Desmond Ridder (LV),0,0,0,0,0,0,0,0,0,0,0,0,0,0,0,0.1%,3,LV
54,Devin Leary (BAL),0,0,0,0,0,0,0,0,0,0,0,0,0,0,0,0.0%,3,BAL
51,Dorian Thompson-Robinson (CLE),0,0,0,0,0,0,0,0,0,0,0,0,0,0,0,0.1%,3,CLE
108,Drew Lock (NYG),0,0,0,0,0,0,0,0,0,0,0,0,0,0,0,0.8%,3,NYG
102,Easton Stick (LAC),0,0,0,0,0,0,0,0,0,0,0,0,0,0,0,0.0%,3,LAC
86,Erik Ainge (NYJ),0,0,0,0,0,0,0,0,0,0,0,0,0,0,0,0.0%,3,NYJ
52,Feleipe Franks (CAR),0,0,0,0,0,0,0,0,0,0,0,0,1,0.0,0.0,0.0%,3,CAR
57,Hendon Hooker (DET),0,0,0,0,0,0,0,0,0,0,0,0,0,0,0,0.2%,3,DET
87,Hunter Cantwell (BAL),0,0,0,0,0,0,0,0,0,0,0,0,0,0,0,0.0%,3,BAL
72,J.J. McCarthy (MIN),0,0,0,0,0,0,0,0,0,0,0,0,0,0,0,2.0%,3,MIN
81,Jack Plummer (CAR),0,0,0,0,0,0,0,0,0,0,0,0,0,0,0,0.0%,3,CAR
103,Jake Browning (CIN),0,0,0,0,0,0,0,0,0,0,0,0,0,0,0,0.6%,3,CIN
45,Jake Fromm (DET),0,0,0,0,0,0,0,0,0,0,0,0,0,0,0,0.0%,3,DET
55,Jake Haener (NO),0,0,0,0,0,0,0,0,0,0,0,0,0,0,0,0.0%,3,NO
77,Jaren Hall (SEA),0,0,0,0,0,0,0,0,0,0,0,0,0,0,0,0.0%,3,SEA
104,Jarrett Stidham (DEN),0,0,0,0,0,0,0,0,0,0,0,0,0,0,0,1.1%,3,DEN
80,Jason Bean (IND),0,0,0,0,0,0,0,0,0,0,0,0,0,0,0,0.0%,3,IND
113,Jeff Driskel (WAS),0,0,0,0,0,0,0,0,0,0,0,0,0,0,0,0.0%,3,WAS
112,Jimmy Garoppolo (LAR),0,0,0,0,0,0,0,0,0,0,0,0,0,0,0,0.1%,3,LAR
90,Joe Flacco (IND),0,0,0,0,0,0,0,0,0,0,0,0,0,0,0,6.4%,3,IND
60,Joe Milton III (NE),0,0,0,0,0,0,0,0,0,0,0,0,0,0,0,0.1%,3,NE
70,John Rhys Plumlee (SEA),0,0,0,0,0,0,0,0,0,0,0,0,0,0,0,0.0%,3,SEA
46,Jordan Love (GB),0,0,0,0,0,0,0,0,0,0,0,0,0,0,0,88.1%,3,GB
67,Jordan Travis (NYJ),0,0,0,0,0,0,0,0,0,0,0,0,1,0.0,0.0,0.1%,3,NYJ
91,Josh Johnson (BAL),0,0,0,0,0,0,0,0,0,0,0,0,0,0,0,0.1%,3,BAL
98,Joshua Dobbs (SF),0,0,0,0,0,0,0,0,0,0,0,0,0,0,0,0.1%,3,SF
79,Kedon Slovis (HOU),0,0,0,0,0,0,0,0,0,0,0,0,0,0,0,0.0%,3,HOU
41,Kenny Pickett (PHI),0,0,0,0,0,0,0,0,0,0,0,0,0,0,0,0.2%,3,PHI
107,Kyle Allen (PIT),0,0,0,0,0,0,0,0,0,0,0,0,0,0,0,0.0%,3,PIT
43,Kyle Trask (TB),0,0,0,0,0,0,0,0,0,0,0,0,0,0,0,0.0%,3,TB
92,Logan Woodside (CIN),0,0,0,0,0,0,0,0,0,0,0,0,0,0,0,0.0%,3,CIN
74,Malik Cunningham (BAL),0,0,0,0,0,0,0,0,0,0,0,0,0,0,0,0.0%,3,BAL
110,Marcus Mariota (WAS),0,0,0,0,0,0,0,0,0,0,0,0,0,0,0,0.9%,3,WAS
94,Mason Rudolph (TEN),0,0,0,0,0,0,0,0,0,0,0,0,0,0,0,0.7%,3,TEN
73,Michael Penix Jr. (ATL),0,0,0,0,0,0,0,0,0,0,0,0,0,0,0,1.9%,3,ATL
62,Michael Pratt (TB),0,0,0,0,0,0,0,0,0,0,0,0,0,0,0,0.0%,3,TB
95,Mike White (BUF),0,0,0,0,0,0,0,0,0,0,0,0,0,0,0,0.0%,3,BUF
97,Nathan Peterman (ATL),0,0,0,0,0,0,0,0,0,0,0,0,0,0,0,0.0%,3,ATL
101,Nick Mullens (MIN),0,0,0,0,0,0,0,0,1,0,0,0,1,0.0,0.0,0.1%,3,MIN
88,Russell Wilson (PIT),0,0,0,0,0,0,0,0,0,0,0,0,0,0,0,38.3%,3,PIT
44,Sam Ehlinger (IND),0,0,0,0,0,0,0,0,0,0,0,0,0,0,0,0.0%,3,IND
58,Sam Hartman (WAS),0,0,0,0,0,0,0,0,0,0,0,0,0,0,0,0.0%,3,WAS
69,Sam Howell (SEA),0,0,0,0,0,0,0,0,0,0,0,0,0,0,0,1.3%,3,SEA
49,Sean Clifford (GB),0,0,0,0,0,0,0,0,0,0,0,0,0,0,0,0.0%,3,GB
48,Shane Buechele (BUF),0,0,0,0,0,0,0,0,0,0,0,0,0,0,0,0.0%,3,BUF
71,Spencer Rattler (NO),0,0,0,0,0,0,0,0,0,0,0,0,0,0,0,1.1%,3,NO
75,Stetson Bennett (LAR),0,0,0,0,0,0,0,0,0,0,0,0,0,0,0,0.0%,3,LAR
56,Tanner McKee (PHI),0,0,0,0,0,0,0,0,0,0,0,0,0,0,0,0.0%,3,PHI
64,Tanner Mordecai (SF),0,0,0,0,0,0,0,0,0,0,0,0,0,0,0,0.0%,3,SF
93,Taysom Hill (NO),0,0,0,0,0,0,0,0,0,0,0,0,0,0,0,45.2%,3,NO
61,Tommy DeVito (NYG),0,0,0,0,0,0,0,0,0,0,0,0,0,0,0,12.0%,3,NYG
116,Trevor Siemian (TEN),0,0,0,0,0,0,0,0,0,0,0,0,0,0,0,0.0%,3,TEN
53,Trey Lance (DAL),0,0,0,0,0,0,0,0,0,0,0,0,0,0,0,1.1%,3,DAL
82,Tua Tagovailoa (MIA),0,0,0,0,0,0,0,0,0,0,0,0,0,0,0,62.7%,3,MIA
47,Tyler Huntley (MIA),0,0,0,0,0,0,0,0,0,0,0,0,0,0,0,1.1%,3,MIA
83,Tyrod Taylor (NYJ),0,0,0,0,0,0,0,0,0,0,0,0,0,0,0,1.0%,3,NYJ
65,Tyson Bagent (CHI),0,0,0,0,0,0,0,0,0,0,0,0,0,0,0,0.1%,3,CHI
109,Will Grier (DAL),0,0,0,0,0,0,0,0,0,0,0,0,0,0,0,0.0%,3,DAL
40,Zach Wilson (DEN),0,0,0,0,0,0,0,0,0,0,0,0,0,0,0,0.1%,3,DEN
96,Mitchell Trubisky (BUF),1,1,100.0,3,3.0,0,0,0,1,-1,0,0,1,0.0,0.0,0.1%,3,BUF
117,Mac Jones (JAC),5,8,62.5,22,2.8,0,0,1,0,0,0,1,1,-1.1,-1.1,1.8%,3,JAC
1,Justin Fields (PIT),22,34,64.7,312,9.2,1,0,4,10,55,2,1,1,32.0,32.0,11.1%,4,PIT
2,Jordan Love (GB),32,54,59.3,389,7.2,4,3,1,1,6,0,0,1,31.2,31.2,88.1%,4,GB
3,Baker Mayfield (TB),30,47,63.8,347,7.4,2,0,2,4,10,1,0,1,28.9,28.9,84.1%,4,TB
4,Jared Goff (DET),18,18,100.0,292,16.2,2,0,3,2,-2,0,0,1,26.2,26.2,79.5%,4,DET
5,Jayden Daniels (WAS),26,30,86.7,233,7.8,1,1,0,8,47,1,0,1,25.0,25.0,98.1%,4,WAS
6,Lamar Jackson (BAL),13,18,72.2,156,8.7,2,0,1,6,54,1,1,1,23.6,23.6,99.8%,4,BAL
7,C.J. Stroud (HOU),27,40,67.5,345,8.6,2,0,2,3,17,0,0,1,23.5,23.5,93.6%,4,HOU
8,Geno Smith (SEA),38,56,67.9,395,7.1,1,1,3,5,38,0,0,1,22.6,22.6,59.2%,4,SEA
9,Sam Darnold (MIN),20,28,71.4,275,9.8,3,1,2,7,15,0,1,1,21.5,21.5,66.1%,4,MIN
10,Joe Burrow (CIN),22,31,71.0,232,7.5,2,1,0,1,10,0,0,1,17.3,17.3,97.3%,4,CIN
11,Dak Prescott (DAL),22,27,81.5,221,8.2,2,0,1,2,-1,0,0,1,16.7,16.7,61.0%,4,DAL
12,Andy Dalton (CAR),25,40,62.5,220,5.5,2,1,0,3,9,0,0,1,16.7,16.7,2.1%,4,CAR
13,Jalen Hurts (PHI),18,30,60.0,158,5.3,1,0,6,8,20,1,1,1,16.3,16.3,99.7%,4,PHI
14,Brock Purdy (SF),15,27,55.6,288,10.7,1,1,1,5,11,0,0,1,15.6,15.6,91.5%,4,SF
15,Joe Flacco (IND),16,26,61.5,168,6.5,2,0,2,2,3,0,0,1,15.0,15.0,6.4%,4,IND
16,Trevor Lawrence (JAC),18,33,54.5,169,5.1,2,0,1,3,5,0,0,1,14.8,14.8,32.3%,4,JAC
17,Patrick Mahomes II (KC),19,29,65.5,245,8.4,1,1,3,5,12,0,0,1,14.0,14.0,97.8%,4,KC
18,Deshaun Watson (CLE),24,32,75.0,176,5.5,1,1,3,8,32,0,0,1,13.2,13.2,7.6%,4,CLE
19,Tyler Huntley (MIA),14,22,63.6,96,4.4,0,0,2,8,40,1,1,1,11.8,11.8,1.1%,4,MIA
20,Aaron Rodgers (NYJ),24,42,57.1,225,5.4,0,0,5,5,26,0,0,1,11.6,11.6,45.1%,4,NYJ
21,Caleb Williams (CHI),17,23,73.9,157,6.8,1,0,3,5,12,0,0,1,11.5,11.5,51.0%,4,CHI
22,Justin Herbert (LAC),16,27,59.3,179,6.6,1,0,2,3,0,0,0,1,11.2,11.2,64.8%,4,LAC
23,Daniel Jones (FA),29,40,72.5,281,7.0,0,1,1,4,3,0,0,1,10.5,10.5,14.1%,4,FA
24,Kyler Murray (ARI),16,22,72.7,142,6.5,1,0,4,1,3,0,0,1,10.0,10.0,94.5%,4,ARI
25,Derek Carr (NO),28,36,77.8,239,6.6,0,1,1,3,5,0,0,1,9.1,9.1,27.5%,4,NO
26,Kirk Cousins (ATL),21,35,60.0,238,6.8,0,1,1,0,0,0,0,1,8.5,8.5,63.9%,4,ATL
27,Jacoby Brissett (NE),19,32,59.4,168,5.3,1,1,6,2,3,0,1,1,8.0,8.0,2.4%,4,NE
28,Josh Allen (BUF),16,29,55.2,180,6.2,0,0,3,5,21,0,1,1,7.3,7.3,99.7%,4,BUF
29,Bo Nix (DEN),12,25,48.0,60,2.4,1,0,0,5,3,0,0,1,6.7,6.7,64.4%,4,DEN
30,Matthew Stafford (LAR),20,29,69.0,224,7.7,0,1,3,1,-1,0,1,1,5.9,5.9,51.3%,4,LAR
31,Anthony Richardson (IND),3,4,75.0,71,17.8,0,0,0,3,24,0,0,1,5.2,5.2,62.6%,4,IND
32,Gardner Minshew II (LV),14,24,58.3,130,5.4,0,0,2,2,-2,0,0,1,5.0,5.0,5.3%,4,LV
33,Mason Rudolph (TEN),9,17,52.9,85,5.0,0,0,1,0,0,0,0,1,3.4,3.4,0.7%,4,TEN
34,Will Levis (TEN),3,4,75.0,25,6.3,0,1,0,2,5,0,0,1,0.5,0.5,9.4%,4,TEN
35,Mitchell Trubisky (BUF),1,2,50.0,2,1.0,0,0,0,0,0,0,0,1,0.1,0.1,0.1%,4,BUF
86,Adam Froman (ATL),0,0,0,0,0,0,0,0,0,0,0,0,0,0,0,0.0%,4,ATL
70,Adrian Martinez (NYJ),0,0,0,0,0,0,0,0,0,0,0,0,0,0,0,0.0%,4,NYJ
74,Aidan O'Connell (LV),0,0,0,0,0,0,0,0,0,0,0,0,0,0,0,1.6%,4,LV
100,Alex McGough (GB),0,0,0,0,0,0,0,0,0,0,0,0,0,0,0,0.0%,4,GB
81,Anthony Brown Jr. (ARI),0,0,0,0,0,0,0,0,0,0,0,0,0,0,0,0.0%,4,ARI
62,Austin Reed (CHI),0,0,0,0,0,0,0,0,0,0,0,0,0,0,0,0.0%,4,CHI
79,Bailey Zappe (CLE),0,0,0,0,0,0,0,0,0,0,0,0,0,0,0,0.0%,4,CLE
85,Ben Chappell (WAS),0,0,0,0,0,0,0,0,0,0,0,0,0,0,0,0.0%,4,WAS
115,Brandon Allen (SF),0,0,0,0,0,0,0,0,0,0,0,0,0,0,0,3.1%,4,SF
104,Brett Rypien (MIN),0,0,0,0,0,0,0,0,0,0,0,0,0,0,0,0.0%,4,MIN
112,Brett Smith (TB),0,0,0,0,0,0,0,0,0,0,0,0,0,0,0,0.0%,4,TB
36,Bryce Young (CAR),0,0,0,0,0,0,0,0,0,0,0,0,0,0,0,5.2%,4,CAR
97,C.J. Beathard (JAC),0,0,0,0,0,0,0,0,0,0,0,0,0,0,0,0.0%,4,JAC
116,Carson Wentz (KC),0,0,0,0,0,0,0,0,0,0,0,0,0,0,0,0.1%,4,KC
63,Carter Bradley (LV),0,0,0,0,0,0,0,0,0,0,0,0,0,0,0,0.0%,4,LV
90,Case Keenum (HOU),0,0,0,0,0,0,0,0,0,0,0,0,0,0,0,0.0%,4,HOU
77,Chris Oladokun (KC),0,0,0,0,0,0,0,0,0,0,0,0,0,0,0,0.0%,4,KC
54,Clayton Tune (ARI),0,0,0,0,0,0,0,0,0,0,0,0,0,0,0,0.0%,4,ARI
98,Cooper Rush (DAL),0,0,0,0,0,0,0,0,0,0,0,0,0,0,0,4.2%,4,DAL
38,Davis Mills (HOU),0,0,0,0,0,0,0,0,0,0,0,0,0,0,0,0.1%,4,HOU
46,Desmond Ridder (LV),0,0,0,0,0,0,0,0,0,0,0,0,0,0,0,0.1%,4,LV
66,Devin Leary (BAL),0,0,0,0,0,0,0,0,0,0,0,0,0,0,0,0.0%,4,BAL
49,Dorian Thompson-Robinson (CLE),0,0,0,0,0,0,0,0,0,0,0,0,0,0,0,0.1%,4,CLE
72,Drake Maye (NE),0,0,0,0,0,0,0,0,0,0,0,0,0,0,0,21.5%,4,NE
107,Drew Lock (NYG),0,0,0,0,0,0,0,0,0,0,0,0,0,0,0,0.8%,4,NYG
101,Easton Stick (LAC),0,0,0,0,0,0,0,0,0,0,0,0,0,0,0,0.0%,4,LAC
88,Erik Ainge (NYJ),0,0,0,0,0,0,0,0,0,0,0,0,0,0,0,0.0%,4,NYJ
47,Feleipe Franks (CAR),0,0,0,0,0,0,0,0,0,0,0,0,1,0.0,0.0,0.0%,4,CAR
75,Hendon Hooker (DET),0,0,0,0,0,0,0,0,0,0,0,0,0,0,0,0.2%,4,DET
87,Hunter Cantwell (BAL),0,0,0,0,0,0,0,0,0,0,0,0,0,0,0,0.0%,4,BAL
69,J.J. McCarthy (MIN),0,0,0,0,0,0,0,0,0,0,0,0,0,0,0,2.0%,4,MIN
64,Jack Plummer (CAR),0,0,0,0,0,0,0,0,0,0,0,0,0,0,0,0.0%,4,CAR
102,Jake Browning (CIN),0,0,0,0,0,0,0,0,0,0,0,0,0,0,0,0.6%,4,CIN
44,Jake Fromm (DET),0,0,0,0,0,0,0,0,0,0,0,0,0,0,0,0.0%,4,DET
58,Jake Haener (NO),0,0,0,0,0,0,0,0,0,0,0,0,0,0,0,0.0%,4,NO
110,Jameis Winston (CLE),0,0,0,0,0,0,0,0,0,0,0,0,0,0,0,13.1%,4,CLE
80,Jaren Hall (SEA),0,0,0,0,0,0,0,0,0,0,0,0,0,0,0,0.0%,4,SEA
103,Jarrett Stidham (DEN),0,0,0,0,0,0,0,0,0,0,0,0,0,0,0,1.1%,4,DEN
65,Jason Bean (IND),0,0,0,0,0,0,0,0,0,0,0,0,0,0,0,0.0%,4,IND
114,Jeff Driskel (WAS),0,0,0,0,0,0,0,0,0,0,0,0,0,0,0,0.0%,4,WAS
111,Jimmy Garoppolo (LAR),0,0,0,0,0,0,0,0,0,0,0,0,0,0,0,0.1%,4,LAR
61,Joe Milton III (NE),0,0,0,0,0,0,0,0,0,0,0,0,0,0,0,0.1%,4,NE
60,John Rhys Plumlee (SEA),0,0,0,0,0,0,0,0,0,0,0,0,0,0,0,0.0%,4,SEA
53,Jordan Travis (NYJ),0,0,0,0,0,0,0,0,0,0,0,0,0,0,0,0.1%,4,NYJ
96,Joshua Dobbs (SF),0,0,0,0,0,0,0,0,0,0,0,0,0,0,0,0.1%,4,SF
67,Kedon Slovis (HOU),0,0,0,0,0,0,0,0,0,0,0,0,0,0,0,0.0%,4,HOU
39,Kenny Pickett (PHI),0,0,0,0,0,0,0,0,0,0,0,0,0,0,0,0.2%,4,PHI
106,Kyle Allen (PIT),0,0,0,0,0,0,0,0,0,0,0,0,0,0,0,0.0%,4,PIT
41,Kyle Trask (TB),0,0,0,0,0,0,0,0,0,0,0,0,0,0,0,0.0%,4,TB
93,Logan Woodside (CIN),0,0,0,0,0,0,0,0,0,0,0,0,0,0,0,0.0%,4,CIN
50,Mac Jones (JAC),0,0,0,0,0,0,0,0,0,0,0,0,0,0,0,1.8%,4,JAC
51,Malik Cunningham (BAL),0,0,0,0,0,0,0,0,0,0,0,0,0,0,0,0.0%,4,BAL
68,Malik Willis (GB),0,0,0,0,0,0,0,0,0,0,0,0,0,0,0,2.0%,4,GB
109,Marcus Mariota (WAS),0,0,0,0,0,0,0,0,0,0,0,0,0,0,0,0.9%,4,WAS
37,Michael Penix Jr. (ATL),0,0,0,0,0,0,0,0,0,0,0,0,0,0,0,1.9%,4,ATL
57,Michael Pratt (TB),0,0,0,0,0,0,0,0,0,0,0,0,0,0,0,0.0%,4,TB
94,Mike White (BUF),0,0,0,0,0,0,0,0,0,0,0,0,0,0,0,0.0%,4,BUF
95,Nathan Peterman (ATL),0,0,0,0,0,0,0,0,0,0,0,0,0,0,0,0.0%,4,ATL
99,Nick Mullens (MIN),0,0,0,0,0,0,0,0,0,0,0,0,0,0,0,0.1%,4,MIN
89,Russell Wilson (PIT),0,0,0,0,0,0,0,0,0,0,0,0,0,0,0,38.3%,4,PIT
42,Sam Ehlinger (IND),0,0,0,0,0,0,0,0,0,0,0,0,0,0,0,0.0%,4,IND
76,Sam Hartman (WAS),0,0,0,0,0,0,0,0,0,0,0,0,0,0,0,0.0%,4,WAS
71,Sam Howell (SEA),0,0,0,0,0,0,0,0,0,0,0,0,1,0.0,0.0,1.3%,4,SEA
43,Sean Clifford (GB),0,0,0,0,0,0,0,0,0,0,0,0,0,0,0,0.0%,4,GB
45,Shane Buechele (BUF),0,0,0,0,0,0,0,0,0,0,0,0,0,0,0,0.0%,4,BUF
82,Skylar Thompson (MIA),0,0,0,0,0,0,0,0,0,0,0,0,0,0,0,2.0%,4,MIA
73,Spencer Rattler (NO),0,0,0,0,0,0,0,0,0,0,0,0,0,0,0,1.1%,4,NO
78,Stetson Bennett (LAR),0,0,0,0,0,0,0,0,0,0,0,0,0,0,0,0.0%,4,LAR
59,Tanner McKee (PHI),0,0,0,0,0,0,0,0,0,0,0,0,0,0,0,0.0%,4,PHI
56,Tanner Mordecai (SF),0,0,0,0,0,0,0,0,0,0,0,0,0,0,0,0.0%,4,SF
113,Taylor Heinicke (LAC),0,0,0,0,0,0,0,0,0,0,0,0,0,0,0,0.0%,4,LAC
92,Taysom Hill (NO),0,0,0,0,0,0,0,0,6,24,2,0,1,0.0,0.0,45.2%,4,NO
105,Tim Boyle (NYG),0,0,0,0,0,0,0,0,0,0,0,0,0,0,0,0.0%,4,NYG
55,Tommy DeVito (NYG),0,0,0,0,0,0,0,0,0,0,0,0,0,0,0,12.0%,4,NYG
117,Trevor Siemian (TEN),0,0,0,0,0,0,0,0,0,0,0,0,0,0,0,0.0%,4,TEN
48,Trey Lance (DAL),0,0,0,0,0,0,0,0,0,0,0,0,0,0,0,1.1%,4,DAL
83,Tua Tagovailoa (MIA),0,0,0,0,0,0,0,0,0,0,0,0,0,0,0,62.7%,4,MIA
84,Tyrod Taylor (NYJ),0,0,0,0,0,0,0,0,0,0,0,0,0,0,0,1.0%,4,NYJ
52,Tyson Bagent (CHI),0,0,0,0,0,0,0,0,0,0,0,0,0,0,0,0.1%,4,CHI
108,Will Grier (DAL),0,0,0,0,0,0,0,0,0,0,0,0,0,0,0,0.0%,4,DAL
40,Zach Wilson (DEN),0,0,0,0,0,0,0,0,0,0,0,0,0,0,0,0.1%,4,DEN
91,Josh Johnson (BAL),1,1,100.0,1,1.0,0,0,0,0,0,0,0,1,0.0,0.0,0.1%,4,BAL
1,Kirk Cousins (ATL),42,58,72.4,509,8.8,4,1,4,0,0,0,0,1,35.4,35.4,63.9%,5,ATL
2,Joe Burrow (CIN),30,39,76.9,392,10.1,5,1,3,2,1,0,0,1,34.8,34.8,97.3%,5,CIN
3,Lamar Jackson (BAL),26,42,61.9,348,8.3,4,0,1,12,55,0,1,1,33.4,33.4,99.8%,5,BAL
4,Joe Flacco (IND),33,44,75.0,359,8.2,3,0,4,3,22,0,1,1,26.6,26.6,6.4%,5,IND
5,Kyler Murray (ARI),19,30,63.3,195,6.5,1,1,1,7,83,1,0,1,25.1,25.1,94.5%,5,ARI
6,Caleb Williams (CHI),20,29,69.0,304,10.5,2,0,1,5,34,0,0,1,23.6,23.6,51.0%,5,CHI
7,Baker Mayfield (TB),19,24,79.2,180,7.5,3,0,1,6,42,0,0,1,23.4,23.4,84.1%,5,TB
8,Bo Nix (DEN),19,27,70.4,206,7.6,2,0,3,8,9,1,0,1,23.1,23.1,64.4%,5,DEN
9,Geno Smith (SEA),28,40,70.0,284,7.1,1,0,7,4,72,0,0,1,22.6,22.6,59.2%,5,SEA
10,Trevor Lawrence (JAC),28,34,82.4,371,10.9,2,1,0,2,4,0,0,1,22.2,22.2,32.3%,5,JAC
11,Daniel Jones (FA),23,34,67.6,257,7.6,2,0,3,11,38,0,0,1,22.1,22.1,14.1%,5,FA
12,Jayden Daniels (WAS),14,25,56.0,238,9.5,1,1,3,11,82,0,0,1,20.7,20.7,98.1%,5,WAS
13,Dak Prescott (DAL),29,42,69.0,352,8.4,2,2,2,1,3,0,1,1,18.4,18.4,61.0%,5,DAL
14,Jordan Love (GB),15,26,57.7,224,8.6,2,1,2,3,10,0,0,1,17.0,17.0,88.1%,5,GB
15,C.J. Stroud (HOU),28,38,73.7,331,8.7,1,1,1,3,27,0,1,1,16.9,16.9,93.6%,5,HOU
16,Justin Fields (PIT),15,27,55.6,131,4.9,2,0,3,6,27,0,0,1,15.9,15.9,11.1%,5,PIT
17,Brock Purdy (SF),19,35,54.3,244,7.0,1,2,2,4,33,0,0,1,15.1,15.1,91.5%,5,SF
18,Aaron Rodgers (NYJ),29,54,53.7,244,4.5,2,3,3,0,0,0,0,1,14.8,14.8,45.1%,5,NYJ
19,Josh Allen (BUF),9,30,30.0,131,4.4,1,0,1,4,54,0,0,1,14.6,14.6,99.7%,5,BUF
20,Patrick Mahomes II (KC),28,39,71.8,331,8.5,0,1,2,6,22,0,0,1,14.4,14.4,97.8%,5,KC
21,Derek Carr (NO),18,28,64.3,165,5.9,2,1,1,0,0,0,0,1,13.6,13.6,27.5%,5,NO
22,Matthew Stafford (LAR),29,45,64.4,260,5.8,1,1,3,0,0,0,0,1,13.4,13.4,51.3%,5,LAR
23,Gardner Minshew II (LV),12,17,70.6,137,8.1,1,2,2,2,22,0,0,1,9.7,9.7,5.3%,5,LV
24,Deshaun Watson (CLE),15,28,53.6,125,4.5,1,0,7,3,14,0,1,1,8.4,8.4,7.6%,5,CLE
25,Tyler Huntley (MIA),18,31,58.1,194,6.3,0,1,3,3,7,0,0,1,7.5,7.5,1.1%,5,MIA
26,Jacoby Brissett (NE),18,34,52.9,160,4.7,0,0,2,1,10,0,0,1,7.4,7.4,2.4%,5,NE
27,Sam Darnold (MIN),14,31,45.2,179,5.8,0,1,4,5,11,0,1,1,5.3,5.3,66.1%,5,MIN
28,Andy Dalton (CAR),18,28,64.3,136,4.9,0,1,3,1,3,0,0,1,4.7,4.7,2.1%,5,CAR
29,Bryce Young (CAR),4,7,57.1,58,8.3,0,0,1,1,8,0,0,1,3.1,3.1,5.2%,5,CAR
30,Aidan O'Connell (LV),10,20,50.0,94,4.7,0,1,1,0,0,0,0,1,2.8,2.8,1.6%,5,LV
31,Jake Haener (NO),2,7,28.6,17,2.4,0,0,0,2,11,0,0,1,1.8,1.8,0.0%,5,NO
32,Nick Mullens (MIN),1,1,100.0,24,24.0,0,0,0,0,0,0,0,1,1.0,1.0,0.1%,5,MIN
33,Kyle Allen (PIT),1,1,100.0,19,19.0,0,0,0,0,0,0,0,1,0.8,0.8,0.0%,5,PIT
34,Jameis Winston (CLE),1,1,100.0,16,16.0,0,0,0,1,-3,0,0,1,0.3,0.3,13.1%,5,CLE
35,Marcus Mariota (WAS),1,3,33.3,-2,-0.7,0,0,0,2,2,0,0,1,0.1,0.1,0.9%,5,WAS
85,Adam Froman (ATL),0,0,0,0,0,0,0,0,0,0,0,0,0,0,0,0.0%,5,ATL
72,Adrian Martinez (NYJ),0,0,0,0,0,0,0,0,0,0,0,0,0,0,0,0.0%,5,NYJ
100,Alex McGough (GB),0,0,0,0,0,0,0,0,0,0,0,0,0,0,0,0.0%,5,GB
76,Anthony Brown Jr. (ARI),0,0,0,0,0,0,0,0,0,0,0,0,0,0,0,0.0%,5,ARI
53,Anthony Richardson (IND),0,0,0,0,0,0,0,0,0,0,0,0,0,0,0,62.6%,5,IND
58,Austin Reed (CHI),0,0,0,0,0,0,0,0,0,0,0,0,0,0,0,0.0%,5,CHI
79,Bailey Zappe (CLE),0,0,0,0,0,0,0,0,0,0,0,0,0,0,0,0.0%,5,CLE
84,Ben Chappell (WAS),0,0,0,0,0,0,0,0,0,0,0,0,0,0,0,0.0%,5,WAS
113,Brandon Allen (SF),0,0,0,0,0,0,0,0,0,0,0,0,0,0,0,3.1%,5,SF
106,Brett Rypien (MIN),0,0,0,0,0,0,0,0,0,0,0,0,0,0,0,0.0%,5,MIN
110,Brett Smith (TB),0,0,0,0,0,0,0,0,0,0,0,0,0,0,0,0.0%,5,TB
98,C.J. Beathard (JAC),0,0,0,0,0,0,0,0,0,0,0,0,0,0,0,0.0%,5,JAC
114,Carson Wentz (KC),0,0,0,0,0,0,0,0,0,0,0,0,0,0,0,0.1%,5,KC
59,Carter Bradley (LV),0,0,0,0,0,0,0,0,0,0,0,0,0,0,0,0.0%,5,LV
89,Case Keenum (HOU),0,0,0,0,0,0,0,0,0,0,0,0,0,0,0,0.0%,5,HOU
55,Chris Oladokun (KC),0,0,0,0,0,0,0,0,0,0,0,0,0,0,0,0.0%,5,KC
51,Clayton Tune (ARI),0,0,0,0,0,0,0,0,0,0,0,0,0,0,0,0.0%,5,ARI
99,Cooper Rush (DAL),0,0,0,0,0,0,0,0,0,0,0,0,0,0,0,4.2%,5,DAL
38,Davis Mills (HOU),0,0,0,0,0,0,0,0,0,0,0,0,0,0,0,0.1%,5,HOU
46,Desmond Ridder (LV),0,0,0,0,0,0,0,0,0,0,0,0,0,0,0,0.1%,5,LV
54,Devin Leary (BAL),0,0,0,0,0,0,0,0,0,0,0,0,0,0,0,0.0%,5,BAL
48,Dorian Thompson-Robinson (CLE),0,0,0,0,0,0,0,0,0,0,0,0,0,0,0,0.1%,5,CLE
66,Drake Maye (NE),0,0,0,0,0,0,0,0,0,0,0,0,1,0.0,0.0,21.5%,5,NE
107,Drew Lock (NYG),0,0,0,0,0,0,0,0,0,0,0,0,0,0,0,0.8%,5,NYG
101,Easton Stick (LAC),0,0,0,0,0,0,0,0,0,0,0,0,0,0,0,0.0%,5,LAC
87,Erik Ainge (NYJ),0,0,0,0,0,0,0,0,0,0,0,0,0,0,0,0.0%,5,NYJ
47,Feleipe Franks (CAR),0,0,0,0,0,0,0,0,0,0,0,0,1,0.0,0.0,0.0%,5,CAR
74,Hendon Hooker (DET),0,0,0,0,0,0,0,0,0,0,0,0,0,0,0,0.2%,5,DET
86,Hunter Cantwell (BAL),0,0,0,0,0,0,0,0,0,0,0,0,0,0,0,0.0%,5,BAL
73,J.J. McCarthy (MIN),0,0,0,0,0,0,0,0,0,0,0,0,0,0,0,2.0%,5,MIN
60,Jack Plummer (CAR),0,0,0,0,0,0,0,0,0,0,0,0,0,0,0,0.0%,5,CAR
102,Jake Browning (CIN),0,0,0,0,0,0,0,0,0,0,0,0,0,0,0,0.6%,5,CIN
41,Jake Fromm (DET),0,0,0,0,0,0,0,0,0,0,0,0,0,0,0,0.0%,5,DET
42,Jalen Hurts (PHI),0,0,0,0,0,0,0,0,0,0,0,0,0,0,0,99.7%,5,PHI
115,Jared Goff (DET),0,0,0,0,0,0,0,0,0,0,0,0,0,0,0,79.5%,5,DET
75,Jaren Hall (SEA),0,0,0,0,0,0,0,0,0,0,0,0,0,0,0,0.0%,5,SEA
103,Jarrett Stidham (DEN),0,0,0,0,0,0,0,0,0,0,0,0,0,0,0,1.1%,5,DEN
61,Jason Bean (IND),0,0,0,0,0,0,0,0,0,0,0,0,0,0,0,0.0%,5,IND
112,Jeff Driskel (WAS),0,0,0,0,0,0,0,0,0,0,0,0,0,0,0,0.0%,5,WAS
109,Jimmy Garoppolo (LAR),0,0,0,0,0,0,0,0,0,0,0,0,0,0,0,0.1%,5,LAR
65,Joe Milton III (NE),0,0,0,0,0,0,0,0,0,0,0,0,0,0,0,0.1%,5,NE
62,John Rhys Plumlee (SEA),0,0,0,0,0,0,0,0,0,0,0,0,0,0,0,0.0%,5,SEA
63,Jordan Travis (NYJ),0,0,0,0,0,0,0,0,0,0,0,0,0,0,0,0.1%,5,NYJ
90,Josh Johnson (BAL),0,0,0,0,0,0,0,0,0,0,0,0,0,0,0,0.1%,5,BAL
97,Joshua Dobbs (SF),0,0,0,0,0,0,0,0,0,0,0,0,0,0,0,0.1%,5,SF
104,Justin Herbert (LAC),0,0,0,0,0,0,0,0,0,0,0,0,0,0,0,64.8%,5,LAC
80,Kedon Slovis (HOU),0,0,0,0,0,0,0,0,0,0,0,0,0,0,0,0.0%,5,HOU
37,Kenny Pickett (PHI),0,0,0,0,0,0,0,0,0,0,0,0,0,0,0,0.2%,5,PHI
39,Kyle Trask (TB),0,0,0,0,0,0,0,0,0,0,0,0,0,0,0,0.0%,5,TB
93,Logan Woodside (CIN),0,0,0,0,0,0,0,0,0,0,0,0,0,0,0,0.0%,5,CIN
49,Mac Jones (JAC),0,0,0,0,0,0,0,0,0,0,0,0,0,0,0,1.8%,5,JAC
71,Malik Cunningham (BAL),0,0,0,0,0,0,0,0,0,0,0,0,0,0,0,0.0%,5,BAL
81,Malik Willis (GB),0,0,0,0,0,0,0,0,0,0,0,0,0,0,0,2.0%,5,GB
92,Mason Rudolph (TEN),0,0,0,0,0,0,0,0,0,0,0,0,0,0,0,0.7%,5,TEN
69,Michael Penix Jr. (ATL),0,0,0,0,0,0,0,0,0,0,0,0,0,0,0,1.9%,5,ATL
50,Michael Pratt (TB),0,0,0,0,0,0,0,0,0,0,0,0,0,0,0,0.0%,5,TB
94,Mike White (BUF),0,0,0,0,0,0,0,0,0,0,0,0,0,0,0,0.0%,5,BUF
95,Mitchell Trubisky (BUF),0,0,0,0,0,0,0,0,0,0,0,0,1,0.0,0.0,0.1%,5,BUF
96,Nathan Peterman (ATL),0,0,0,0,0,0,0,0,0,0,0,0,0,0,0,0.0%,5,ATL
88,Russell Wilson (PIT),0,0,0,0,0,0,0,0,0,0,0,0,0,0,0,38.3%,5,PIT
40,Sam Ehlinger (IND),0,0,0,0,0,0,0,0,0,0,0,0,0,0,0,0.0%,5,IND
57,Sam Hartman (WAS),0,0,0,0,0,0,0,0,0,0,0,0,0,0,0,0.0%,5,WAS
68,Sam Howell (SEA),0,0,0,0,0,0,0,0,0,0,0,0,0,0,0,1.3%,5,SEA
44,Sean Clifford (GB),0,0,0,0,0,0,0,0,0,0,0,0,0,0,0,0.0%,5,GB
43,Shane Buechele (BUF),0,0,0,0,0,0,0,0,0,0,0,0,0,0,0,0.0%,5,BUF
77,Skylar Thompson (MIA),0,0,0,0,0,0,0,0,0,0,0,0,0,0,0,2.0%,5,MIA
67,Spencer Rattler (NO),0,0,0,0,0,0,0,0,0,0,0,0,0,0,0,1.1%,5,NO
78,Stetson Bennett (LAR),0,0,0,0,0,0,0,0,0,0,0,0,0,0,0,0.0%,5,LAR
52,Tanner McKee (PHI),0,0,0,0,0,0,0,0,0,0,0,0,0,0,0,0.0%,5,PHI
56,Tanner Mordecai (SF),0,0,0,0,0,0,0,0,0,0,0,0,0,0,0,0.0%,5,SF
111,Taylor Heinicke (LAC),0,0,0,0,0,0,0,0,0,0,0,0,0,0,0,0.0%,5,LAC
91,Taysom Hill (NO),0,0,0,0,0,0,0,0,0,0,0,0,0,0,0,45.2%,5,NO
105,Tim Boyle (NYG),0,0,0,0,0,0,0,0,0,0,0,0,0,0,0,0.0%,5,NYG
64,Tommy DeVito (NYG),0,0,0,0,0,0,0,0,0,0,0,0,0,0,0,12.0%,5,NYG
116,Trevor Siemian (TEN),0,0,0,0,0,0,0,0,0,0,0,0,0,0,0,0.0%,5,TEN
45,Trey Lance (DAL),0,0,0,0,0,0,0,0,0,0,0,0,0,0,0,1.1%,5,DAL
82,Tua Tagovailoa (MIA),0,0,0,0,0,0,0,0,0,0,0,0,0,0,0,62.7%,5,MIA
83,Tyrod Taylor (NYJ),0,0,0,0,0,0,0,0,0,0,0,0,0,0,0,1.0%,5,NYJ
108,Will Grier (DAL),0,0,0,0,0,0,0,0,0,0,0,0,0,0,0,0.0%,5,DAL
70,Will Levis (TEN),0,0,0,0,0,0,0,0,0,0,0,0,0,0,0,9.4%,5,TEN
36,Zach Wilson (DEN),0,0,0,0,0,0,0,0,0,0,0,0,0,0,0,0.1%,5,DEN
117,Tyson Bagent (CHI),0,0,0,0,0,0,0,0,3,-4,0,0,1,-0.4,-0.4,0.1%,5,CHI
1,Caleb Williams (CHI),23,29,79.3,226,7.8,4,1,3,4,56,0,0,1,29.6,29.6,51.0%,6,CHI
2,Baker Mayfield (TB),24,36,66.7,325,9.0,4,3,1,3,29,0,0,1,28.9,28.9,84.1%,6,TB
3,Jordan Love (GB),22,32,68.8,258,8.1,4,1,0,5,13,0,0,1,26.6,26.6,88.1%,6,GB
4,Jared Goff (DET),18,25,72.0,315,12.6,3,0,2,3,5,0,0,1,25.1,25.1,79.5%,6,DET
5,Josh Allen (BUF),19,25,76.0,215,8.6,2,0,2,9,18,1,0,1,24.4,24.4,99.7%,6,BUF
6,Brock Purdy (SF),18,28,64.3,255,9.1,3,0,0,4,19,0,0,1,24.1,24.1,91.5%,6,SF
7,Justin Fields (PIT),14,24,58.3,145,6.0,0,0,3,11,59,2,0,1,23.7,23.7,11.1%,6,PIT
8,Jalen Hurts (PHI),16,25,64.0,264,10.6,2,0,1,14,33,0,0,1,21.9,21.9,99.7%,6,PHI
9,Bo Nix (DEN),19,33,57.6,216,6.5,2,1,2,6,61,0,0,1,21.7,21.7,64.4%,6,DEN
10,Drake Maye (NE),20,33,60.6,243,7.4,3,2,4,5,38,0,1,1,21.5,21.5,21.5%,6,NE
11,Jayden Daniels (WAS),24,35,68.6,269,7.7,2,0,3,6,22,0,0,1,21.0,21.0,98.1%,6,WAS
12,Lamar Jackson (BAL),20,26,76.9,323,12.4,1,1,2,11,40,0,0,1,19.9,19.9,99.8%,6,BAL
13,Joe Burrow (CIN),19,28,67.9,208,7.4,0,0,4,4,55,1,0,1,19.8,19.8,97.3%,6,CIN
14,C.J. Stroud (HOU),20,31,64.5,192,6.2,3,1,2,3,7,0,0,1,19.4,19.4,93.6%,6,HOU
15,Aaron Rodgers (NYJ),23,35,65.7,294,8.4,2,1,3,0,0,0,0,1,18.8,18.8,45.1%,6,NYJ
16,Trevor Lawrence (JAC),23,35,65.7,234,6.7,2,1,3,4,17,0,0,1,18.1,18.1,32.3%,6,JAC
17,Andy Dalton (CAR),26,38,68.4,221,5.8,2,2,0,3,21,0,0,1,16.9,16.9,2.1%,6,CAR
18,Joe Flacco (IND),22,38,57.9,189,5.0,2,1,0,1,1,0,0,1,14.7,14.7,6.4%,6,IND
19,Geno Smith (SEA),30,52,57.7,312,6.0,1,2,1,1,0,0,0,1,14.5,14.5,59.2%,6,SEA
20,Spencer Rattler (NO),22,40,55.0,243,6.1,1,2,5,4,27,0,0,1,14.4,14.4,1.1%,6,NO
21,Justin Herbert (LAC),21,34,61.8,237,7.0,1,0,3,4,2,0,0,1,13.7,13.7,64.8%,6,LAC
22,Daniel Jones (FA),22,41,53.7,205,5.0,0,1,2,11,56,0,0,1,12.8,12.8,14.1%,6,FA
23,Kirk Cousins (ATL),19,30,63.3,225,7.5,1,0,0,4,-5,0,0,1,12.5,12.5,63.9%,6,ATL
24,Aidan O'Connell (LV),27,40,67.5,227,5.7,1,1,1,0,0,0,0,1,12.1,12.1,1.6%,6,LV
25,Kyler Murray (ARI),22,32,68.8,214,6.7,1,0,0,7,14,0,1,1,12.0,12.0,94.5%,6,ARI
26,Deshaun Watson (CLE),16,23,69.6,168,7.3,0,0,5,4,17,0,0,1,8.4,8.4,7.6%,6,CLE
27,Will Levis (TEN),16,27,59.3,95,3.5,1,1,0,3,15,0,0,1,8.3,8.3,9.4%,6,TEN
28,Dak Prescott (DAL),17,33,51.5,178,5.4,0,2,4,1,1,0,0,1,5.2,5.2,61.0%,6,DAL
29,Cooper Rush (DAL),8,11,72.7,46,4.2,0,1,0,1,2,0,0,1,1.0,1.0,4.2%,6,DAL
30,Hendon Hooker (DET),1,2,50.0,19,9.5,0,0,1,1,-1,0,0,1,0.7,0.7,0.2%,6,DET
31,Mac Jones (JAC),1,1,100.0,6,6.0,0,0,1,0,0,0,0,1,0.2,0.2,1.8%,6,JAC
78,Adam Froman (ATL),0,0,0,0,0,0,0,0,0,0,0,0,0,0,0,0.0%,6,ATL
66,Adrian Martinez (NYJ),0,0,0,0,0,0,0,0,0,0,0,0,0,0,0,0.0%,6,NYJ
103,Alex McGough (GB),0,0,0,0,0,0,0,0,0,0,0,0,0,0,0,0.0%,6,GB
71,Anthony Brown Jr. (ARI),0,0,0,0,0,0,0,0,0,0,0,0,0,0,0,0.0%,6,ARI
69,Anthony Richardson (IND),0,0,0,0,0,0,0,0,0,0,0,0,0,0,0,62.6%,6,IND
57,Austin Reed (CHI),0,0,0,0,0,0,0,0,0,0,0,0,0,0,0,0.0%,6,CHI
73,Bailey Zappe (CLE),0,0,0,0,0,0,0,0,0,0,0,0,0,0,0,0.0%,6,CLE
77,Ben Chappell (WAS),0,0,0,0,0,0,0,0,0,0,0,0,0,0,0,0.0%,6,WAS
112,Brandon Allen (SF),0,0,0,0,0,0,0,0,0,0,0,0,0,0,0,3.1%,6,SF
96,Brett Rypien (MIN),0,0,0,0,0,0,0,0,0,0,0,0,0,0,0,0.0%,6,MIN
108,Brett Smith (TB),0,0,0,0,0,0,0,0,0,0,0,0,0,0,0,0.0%,6,TB
38,Bryce Young (CAR),0,0,0,0,0,0,0,0,0,0,0,0,0,0,0,5.2%,6,CAR
93,C.J. Beathard (JAC),0,0,0,0,0,0,0,0,0,0,0,0,0,0,0,0.0%,6,JAC
113,Carson Wentz (KC),0,0,0,0,0,0,0,0,0,0,0,0,0,0,0,0.1%,6,KC
58,Carter Bradley (LV),0,0,0,0,0,0,0,0,0,0,0,0,0,0,0,0.0%,6,LV
82,Case Keenum (HOU),0,0,0,0,0,0,0,0,0,0,0,0,0,0,0,0.0%,6,HOU
70,Chris Oladokun (KC),0,0,0,0,0,0,0,0,0,0,0,0,0,0,0,0.0%,6,KC
49,Clayton Tune (ARI),0,0,0,0,0,0,0,0,0,0,0,0,0,0,0,0.0%,6,ARI
37,Davis Mills (HOU),0,1,0.0,0,0.0,0,0,0,0,0,0,0,1,0.0,0.0,0.1%,6,HOU
109,Derek Carr (NO),0,0,0,0,0,0,0,0,0,0,0,0,0,0,0,27.5%,6,NO
41,Desmond Ridder (LV),0,0,0,0,0,0,0,0,0,0,0,0,0,0,0,0.1%,6,LV
61,Devin Leary (BAL),0,0,0,0,0,0,0,0,0,0,0,0,0,0,0,0.0%,6,BAL
44,Dorian Thompson-Robinson (CLE),0,0,0,0,0,0,0,0,0,0,0,0,0,0,0,0.1%,6,CLE
102,Drew Lock (NYG),0,0,0,0,0,0,0,0,0,0,0,0,0,0,0,0.8%,6,NYG
97,Easton Stick (LAC),0,0,0,0,0,0,0,0,0,0,0,0,0,0,0,0.0%,6,LAC
80,Erik Ainge (NYJ),0,0,0,0,0,0,0,0,0,0,0,0,0,0,0,0.0%,6,NYJ
42,Feleipe Franks (CAR),0,0,0,0,0,0,0,0,0,0,0,0,1,0.0,0.0,0.0%,6,CAR
100,Gardner Minshew II (LV),0,0,0,0,0,0,0,0,0,0,0,0,0,0,0,5.3%,6,LV
79,Hunter Cantwell (BAL),0,0,0,0,0,0,0,0,0,0,0,0,0,0,0,0.0%,6,BAL
65,J.J. McCarthy (MIN),0,0,0,0,0,0,0,0,0,0,0,0,0,0,0,2.0%,6,MIN
59,Jack Plummer (CAR),0,0,0,0,0,0,0,0,0,0,0,0,0,0,0,0.0%,6,CAR
115,Jacoby Brissett (NE),0,0,0,0,0,0,0,0,0,0,0,0,0,0,0,2.4%,6,NE
98,Jake Browning (CIN),0,0,0,0,0,0,0,0,0,0,0,0,0,0,0,0.6%,6,CIN
34,Jake Fromm (DET),0,0,0,0,0,0,0,0,0,0,0,0,0,0,0,0.0%,6,DET
53,Jake Haener (NO),0,0,0,0,0,0,0,0,0,0,0,0,0,0,0,0.0%,6,NO
107,Jameis Winston (CLE),0,0,0,0,0,0,0,0,0,0,0,0,1,0.0,0.0,13.1%,6,CLE
74,Jaren Hall (SEA),0,0,0,0,0,0,0,0,0,0,0,0,1,0.0,0.0,0.0%,6,SEA
101,Jarrett Stidham (DEN),0,0,0,0,0,0,0,0,0,0,0,0,0,0,0,1.1%,6,DEN
60,Jason Bean (IND),0,0,0,0,0,0,0,0,0,0,0,0,0,0,0,0.0%,6,IND
114,Jeff Driskel (WAS),0,0,0,0,0,0,0,0,0,0,0,0,0,0,0,0.0%,6,WAS
110,Jimmy Garoppolo (LAR),0,0,0,0,0,0,0,0,0,0,0,0,0,0,0,0.1%,6,LAR
56,Joe Milton III (NE),0,0,0,0,0,0,0,0,0,0,0,0,0,0,0,0.1%,6,NE
55,John Rhys Plumlee (SEA),0,0,0,0,0,0,0,0,0,0,0,0,0,0,0,0.0%,6,SEA
48,Jordan Travis (NYJ),0,0,0,0,0,0,0,0,0,0,0,0,0,0,0,0.1%,6,NYJ
83,Josh Johnson (BAL),0,0,0,0,0,0,0,0,0,0,0,0,0,0,0,0.1%,6,BAL
92,Joshua Dobbs (SF),0,0,0,0,0,0,0,0,0,0,0,0,0,0,0,0.1%,6,SF
63,Kedon Slovis (HOU),0,0,0,0,0,0,0,0,0,0,0,0,0,0,0,0.0%,6,HOU
36,Kenny Pickett (PHI),0,0,0,0,0,0,0,0,0,0,0,0,0,0,0,0.2%,6,PHI
105,Kyle Allen (PIT),0,0,0,0,0,0,0,0,0,0,0,0,0,0,0,0.0%,6,PIT
45,Kyle Trask (TB),0,0,0,0,0,0,0,0,0,0,0,0,0,0,0,0.0%,6,TB
88,Logan Woodside (CIN),0,0,0,0,0,0,0,0,0,0,0,0,0,0,0,0.0%,6,CIN
62,Malik Cunningham (BAL),0,0,0,0,0,0,0,0,0,0,0,0,0,0,0,0.0%,6,BAL
64,Malik Willis (GB),0,0,0,0,0,0,0,0,0,0,0,0,0,0,0,2.0%,6,GB
106,Marcus Mariota (WAS),0,0,0,0,0,0,0,0,0,0,0,0,0,0,0,0.9%,6,WAS
85,Mason Rudolph (TEN),0,0,0,0,0,0,0,0,0,0,0,0,0,0,0,0.7%,6,TEN
84,Matthew Stafford (LAR),0,0,0,0,0,0,0,0,0,0,0,0,0,0,0,51.3%,6,LAR
47,Michael Penix Jr. (ATL),0,0,0,0,0,0,0,0,0,0,0,0,0,0,0,1.9%,6,ATL
52,Michael Pratt (TB),0,0,0,0,0,0,0,0,0,0,0,0,0,0,0,0.0%,6,TB
95,Mike White (BUF),0,0,0,0,0,0,0,0,0,0,0,0,0,0,0,0.0%,6,BUF
89,Mitchell Trubisky (BUF),0,0,0,0,0,0,0,0,0,0,0,0,0,0,0,0.1%,6,BUF
91,Nathan Peterman (ATL),0,0,0,0,0,0,0,0,0,0,0,0,0,0,0,0.0%,6,ATL
94,Nick Mullens (MIN),0,0,0,0,0,0,0,0,0,0,0,0,0,0,0,0.1%,6,MIN
90,Patrick Mahomes II (KC),0,0,0,0,0,0,0,0,0,0,0,0,0,0,0,97.8%,6,KC
81,Russell Wilson (PIT),0,0,0,0,0,0,0,0,0,0,0,0,0,0,0,38.3%,6,PIT
87,Sam Darnold (MIN),0,0,0,0,0,0,0,0,0,0,0,0,0,0,0,66.1%,6,MIN
46,Sam Ehlinger (IND),0,0,0,0,0,0,0,0,0,0,0,0,0,0,0,0.0%,6,IND
68,Sam Hartman (WAS),0,0,0,0,0,0,0,0,0,0,0,0,0,0,0,0.0%,6,WAS
67,Sam Howell (SEA),0,0,0,0,0,0,0,0,0,0,0,0,0,0,0,1.3%,6,SEA
40,Sean Clifford (GB),0,0,0,0,0,0,0,0,0,0,0,0,0,0,0,0.0%,6,GB
32,Shane Buechele (BUF),0,0,0,0,0,0,0,0,0,0,0,0,0,0,0,0.0%,6,BUF
75,Skylar Thompson (MIA),0,0,0,0,0,0,0,0,0,0,0,0,0,0,0,2.0%,6,MIA
72,Stetson Bennett (LAR),0,0,0,0,0,0,0,0,0,0,0,0,0,0,0,0.0%,6,LAR
54,Tanner McKee (PHI),0,0,0,0,0,0,0,0,0,0,0,0,0,0,0,0.0%,6,PHI
51,Tanner Mordecai (SF),0,0,0,0,0,0,0,0,0,0,0,0,0,0,0,0.0%,6,SF
111,Taylor Heinicke (LAC),0,0,0,0,0,0,0,0,0,0,0,0,0,0,0,0.0%,6,LAC
86,Taysom Hill (NO),0,0,0,0,0,0,0,0,0,0,0,0,0,0,0,45.2%,6,NO
104,Tim Boyle (NYG),0,0,0,0,0,0,0,0,0,0,0,0,0,0,0,0.0%,6,NYG
50,Tommy DeVito (NYG),0,0,0,0,0,0,0,0,0,0,0,0,0,0,0,12.0%,6,NYG
116,Trevor Siemian (TEN),0,0,0,0,0,0,0,0,0,0,0,0,0,0,0,0.0%,6,TEN
43,Trey Lance (DAL),0,0,0,0,0,0,0,0,0,0,0,0,0,0,0,1.1%,6,DAL
33,Tua Tagovailoa (MIA),0,0,0,0,0,0,0,0,0,0,0,0,0,0,0,62.7%,6,MIA
39,Tyler Huntley (MIA),0,0,0,0,0,0,0,0,0,0,0,0,0,0,0,1.1%,6,MIA
76,Tyrod Taylor (NYJ),0,0,0,0,0,0,0,0,0,0,0,0,0,0,0,1.0%,6,NYJ
99,Will Grier (DAL),0,0,0,0,0,0,0,0,0,0,0,0,0,0,0,0.0%,6,DAL
35,Zach Wilson (DEN),0,0,0,0,0,0,0,0,0,0,0,0,0,0,0,0.1%,6,DEN
117,Tyson Bagent (CHI),0,0,0,0,0,0,0,0,3,-3,0,0,1,-0.3,-0.3,0.1%,6,CHI
1,Lamar Jackson (BAL),17,22,77.3,281,12.8,5,0,2,9,52,0,1,1,34.4,34.4,99.8%,7,BAL
2,Baker Mayfield (TB),31,45,68.9,370,8.2,3,2,3,5,22,0,0,1,29.0,29.0,84.1%,7,TB
3,Russell Wilson (PIT),16,29,55.2,264,9.1,2,0,1,3,3,1,0,1,24.9,24.9,38.3%,7,PIT
4,Jalen Hurts (PHI),10,14,71.4,114,8.1,1,0,4,7,22,2,0,1,22.8,22.8,99.7%,7,PHI
5,Kyler Murray (ARI),14,26,53.8,145,5.6,1,1,0,6,64,1,0,1,21.2,21.2,94.5%,7,ARI
6,Josh Allen (BUF),21,33,63.6,323,9.8,2,0,1,3,1,0,0,1,21.0,21.0,99.7%,7,BUF
7,Drake Maye (NE),26,37,70.3,276,7.5,2,0,2,3,18,0,0,1,20.8,20.8,21.5%,7,NE
8,Brock Purdy (SF),17,31,54.8,212,6.8,0,3,1,8,27,2,0,1,20.2,20.2,91.5%,7,SF
9,Marcus Mariota (WAS),18,23,78.3,205,8.9,2,0,1,11,34,0,0,1,19.6,19.6,0.9%,7,WAS
10,Jared Goff (DET),22,25,88.0,280,11.2,2,0,4,2,-4,0,0,1,18.8,18.8,79.5%,7,DET
11,Jordan Love (GB),24,33,72.7,220,6.7,3,2,3,0,0,0,0,1,18.8,18.8,88.1%,7,GB
12,Geno Smith (SEA),18,28,64.3,207,7.4,2,0,1,4,15,0,0,1,17.8,17.8,59.2%,7,SEA
13,Sam Darnold (MIN),22,27,81.5,259,9.6,1,1,4,4,39,0,0,1,17.3,17.3,66.1%,7,MIN
15,Trevor Lawrence (JAC),15,20,75.0,193,9.7,1,0,0,2,13,0,0,1,15.0,15.0,32.3%,7,JAC
14,Aaron Rodgers (NYJ),24,39,61.5,276,7.1,1,2,1,0,0,0,0,1,15.0,15.0,45.1%,7,NYJ
16,Joe Burrow (CIN),15,25,60.0,181,7.2,2,0,3,3,-3,0,0,1,14.9,14.9,97.3%,7,CIN
17,Justin Herbert (LAC),27,39,69.2,349,8.9,0,0,3,2,8,0,0,1,14.8,14.8,64.8%,7,LAC
19,Bo Nix (DEN),16,26,61.5,164,6.3,0,0,0,10,75,0,0,1,14.1,14.1,64.4%,7,DEN
18,Patrick Mahomes II (KC),16,27,59.3,154,5.7,0,2,2,5,39,1,0,1,14.1,14.1,97.8%,7,KC
20,Mason Rudolph (TEN),25,40,62.5,215,5.4,1,1,3,5,13,0,1,1,10.9,10.9,0.7%,7,TEN
21,Tyler Huntley (MIA),7,13,53.8,87,6.7,1,0,2,5,20,0,0,1,9.5,9.5,1.1%,7,MIA
22,Kirk Cousins (ATL),24,35,68.6,232,6.6,1,2,3,1,-1,0,1,1,9.2,9.2,63.9%,7,ATL
23,Anthony Richardson (IND),10,24,41.7,129,5.4,0,0,0,14,56,0,1,1,8.8,8.8,62.6%,7,IND
24,Jameis Winston (CLE),5,11,45.5,67,6.1,1,0,1,0,0,0,0,1,8.7,8.7,13.1%,7,CLE
25,Spencer Rattler (NO),25,35,71.4,172,4.9,0,0,6,5,34,0,2,1,6.3,6.3,1.1%,7,NO
26,Daniel Jones (FA),14,21,66.7,99,4.7,0,0,7,5,20,0,0,1,6.0,6.0,14.1%,7,FA
27,Dorian Thompson-Robinson (CLE),11,24,45.8,82,3.4,0,2,1,3,44,0,0,1,5.7,5.7,0.1%,7,CLE
28,Jake Haener (NO),3,4,75.0,38,9.5,1,0,0,0,0,0,0,1,5.5,5.5,0.0%,7,NO
29,C.J. Stroud (HOU),10,21,47.6,86,4.1,0,0,4,5,19,0,0,1,5.3,5.3,93.6%,7,HOU
30,Jayden Daniels (WAS),2,2,100.0,6,3.0,0,0,0,3,50,0,0,1,5.2,5.2,98.1%,7,WAS
31,Deshaun Watson (CLE),15,17,88.2,128,7.5,0,0,2,2,0,0,0,1,5.1,5.1,7.6%,7,CLE
32,Matthew Stafford (LAR),14,23,60.9,154,6.7,0,1,1,2,-2,0,0,1,5.0,5.0,51.3%,7,LAR
33,Tim Boyle (NYG),8,13,61.5,74,5.7,0,0,0,1,4,0,0,1,3.4,3.4,0.0%,7,NYG
34,Aidan O'Connell (LV),6,10,60.0,52,5.2,0,0,0,0,0,0,0,1,2.1,2.1,1.6%,7,LV
35,Andy Dalton (CAR),11,16,68.8,93,5.8,0,2,2,2,3,0,0,1,2.0,2.0,2.1%,7,CAR
36,Drew Lock (NYG),3,8,37.5,6,0.8,0,0,1,1,13,0,0,1,1.5,1.5,0.8%,7,NYG
37,Gardner Minshew II (LV),15,34,44.1,154,4.5,0,3,2,1,2,0,1,1,1.4,1.4,5.3%,7,LV
38,Michael Penix Jr. (ATL),1,1,100.0,14,14.0,0,0,0,0,0,0,0,1,0.6,0.6,1.9%,7,ATL
39,Clayton Tune (ARI),0,0,0,0,0,0,0,0,3,2,0,0,1,0.2,0.2,0.0%,7,ARI
85,Adam Froman (ATL),0,0,0,0,0,0,0,0,0,0,0,0,0,0,0,0.0%,7,ATL
71,Adrian Martinez (NYJ),0,0,0,0,0,0,0,0,0,0,0,0,0,0,0,0.0%,7,NYJ
104,Alex McGough (GB),0,0,0,0,0,0,0,0,0,0,0,0,0,0,0,0.0%,7,GB
80,Anthony Brown Jr. (ARI),0,0,0,0,0,0,0,0,0,0,0,0,0,0,0,0.0%,7,ARI
62,Austin Reed (CHI),0,0,0,0,0,0,0,0,0,0,0,0,0,0,0,0.0%,7,CHI
78,Bailey Zappe (CLE),0,0,0,0,0,0,0,0,0,0,0,0,0,0,0,0.0%,7,CLE
84,Ben Chappell (WAS),0,0,0,0,0,0,0,0,0,0,0,0,0,0,0,0.0%,7,WAS
114,Brandon Allen (SF),0,0,0,0,0,0,0,0,0,0,0,0,0,0,0,3.1%,7,SF
102,Brett Rypien (MIN),0,0,0,0,0,0,0,0,0,0,0,0,0,0,0,0.0%,7,MIN
106,Brett Smith (TB),0,0,0,0,0,0,0,0,0,0,0,0,0,0,0,0.0%,7,TB
98,C.J. Beathard (JAC),0,0,0,0,0,0,0,0,0,0,0,0,0,0,0,0.0%,7,JAC
73,Caleb Williams (CHI),0,0,0,0,0,0,0,0,0,0,0,0,0,0,0,51.0%,7,CHI
110,Carson Wentz (KC),0,0,0,0,0,0,0,0,0,0,0,0,1,0.0,0.0,0.1%,7,KC
63,Carter Bradley (LV),0,0,0,0,0,0,0,0,0,0,0,0,0,0,0,0.0%,7,LV
88,Case Keenum (HOU),0,0,0,0,0,0,0,0,0,0,0,0,0,0,0,0.0%,7,HOU
74,Chris Oladokun (KC),0,0,0,0,0,0,0,0,0,0,0,0,0,0,0,0.0%,7,KC
99,Cooper Rush (DAL),0,0,0,0,0,0,0,0,0,0,0,0,0,0,0,4.2%,7,DAL
111,Dak Prescott (DAL),0,0,0,0,0,0,0,0,0,0,0,0,0,0,0,61.0%,7,DAL
42,Davis Mills (HOU),0,0,0,0,0,0,0,0,0,0,0,0,0,0,0,0.1%,7,HOU
107,Derek Carr (NO),0,0,0,0,0,0,0,0,0,0,0,0,0,0,0,27.5%,7,NO
49,Desmond Ridder (LV),0,0,0,0,0,0,0,0,0,0,0,0,0,0,0,0.1%,7,LV
58,Devin Leary (BAL),0,0,0,0,0,0,0,0,0,0,0,0,0,0,0,0.0%,7,BAL
100,Easton Stick (LAC),0,0,0,0,0,0,0,0,0,0,0,0,0,0,0,0.0%,7,LAC
86,Erik Ainge (NYJ),0,0,0,0,0,0,0,0,0,0,0,0,0,0,0,0.0%,7,NYJ
50,Feleipe Franks (CAR),0,0,0,0,0,0,0,0,0,0,0,0,1,0.0,0.0,0.0%,7,CAR
75,Hendon Hooker (DET),0,0,0,0,0,0,0,0,0,0,0,0,0,0,0,0.2%,7,DET
87,Hunter Cantwell (BAL),0,0,0,0,0,0,0,0,0,0,0,0,0,0,0,0.0%,7,BAL
70,J.J. McCarthy (MIN),0,0,0,0,0,0,0,0,0,0,0,0,0,0,0,2.0%,7,MIN
64,Jack Plummer (CAR),0,0,0,0,0,0,0,0,0,0,0,0,0,0,0,0.0%,7,CAR
113,Jacoby Brissett (NE),0,0,0,0,0,0,0,0,0,0,0,0,0,0,0,2.4%,7,NE
101,Jake Browning (CIN),0,0,0,0,0,0,0,0,0,0,0,0,0,0,0,0.6%,7,CIN
47,Jake Fromm (DET),0,0,0,0,0,0,0,0,0,0,0,0,0,0,0,0.0%,7,DET
79,Jaren Hall (SEA),0,0,0,0,0,0,0,0,0,0,0,0,0,0,0,0.0%,7,SEA
65,Jason Bean (IND),0,0,0,0,0,0,0,0,0,0,0,0,0,0,0,0.0%,7,IND
112,Jeff Driskel (WAS),0,0,0,0,0,0,0,0,0,0,0,0,0,0,0,0.0%,7,WAS
108,Jimmy Garoppolo (LAR),0,0,0,0,0,0,0,0,0,0,0,0,0,0,0,0.1%,7,LAR
89,Joe Flacco (IND),0,0,0,0,0,0,0,0,0,0,0,0,0,0,0,6.4%,7,IND
61,Joe Milton III (NE),0,0,0,0,0,0,0,0,0,0,0,0,0,0,0,0.1%,7,NE
60,John Rhys Plumlee (SEA),0,0,0,0,0,0,0,0,0,0,0,0,0,0,0,0.0%,7,SEA
54,Jordan Travis (NYJ),0,0,0,0,0,0,0,0,0,0,0,0,0,0,0,0.1%,7,NYJ
90,Josh Johnson (BAL),0,0,0,0,0,0,0,0,0,0,0,0,1,0.0,0.0,0.1%,7,BAL
97,Joshua Dobbs (SF),0,0,0,0,0,0,0,0,0,0,0,0,0,0,0,0.1%,7,SF
46,Justin Fields (PIT),0,0,0,0,0,0,0,0,0,0,0,0,0,0,0,11.1%,7,PIT
67,Kedon Slovis (HOU),0,0,0,0,0,0,0,0,0,0,0,0,0,0,0,0.0%,7,HOU
41,Kenny Pickett (PHI),0,1,0.0,0,0.0,0,0,1,0,0,0,0,1,0.0,0.0,0.2%,7,PHI
103,Kyle Allen (PIT),0,0,0,0,0,0,0,0,0,0,0,0,0,0,0,0.0%,7,PIT
43,Kyle Trask (TB),0,0,0,0,0,0,0,0,0,0,0,0,0,0,0,0.0%,7,TB
92,Logan Woodside (CIN),0,0,0,0,0,0,0,0,0,0,0,0,0,0,0,0.0%,7,CIN
52,Mac Jones (JAC),0,0,0,0,0,0,0,0,0,0,0,0,0,0,0,1.8%,7,JAC
69,Malik Cunningham (BAL),0,0,0,0,0,0,0,0,0,0,0,0,0,0,0,0.0%,7,BAL
68,Malik Willis (GB),0,0,0,0,0,0,0,0,0,0,0,0,0,0,0,2.0%,7,GB
57,Michael Pratt (TB),0,0,0,0,0,0,0,0,0,0,0,0,0,0,0,0.0%,7,TB
93,Mike White (BUF),0,0,0,0,0,0,0,0,0,0,0,0,0,0,0,0.0%,7,BUF
94,Mitchell Trubisky (BUF),0,0,0,0,0,0,0,0,0,0,0,0,0,0,0,0.1%,7,BUF
95,Nathan Peterman (ATL),0,0,0,0,0,0,0,0,0,0,0,0,0,0,0,0.0%,7,ATL
96,Nick Mullens (MIN),0,0,0,0,0,0,0,0,0,0,0,0,0,0,0,0.1%,7,MIN
44,Sam Ehlinger (IND),0,0,0,0,0,0,0,0,0,0,0,0,0,0,0,0.0%,7,IND
76,Sam Hartman (WAS),0,0,0,0,0,0,0,0,0,0,0,0,0,0,0,0.0%,7,WAS
72,Sam Howell (SEA),0,0,0,0,0,0,0,0,0,0,0,0,1,0.0,0.0,1.3%,7,SEA
45,Sean Clifford (GB),0,0,0,0,0,0,0,0,0,0,0,0,0,0,0,0.0%,7,GB
48,Shane Buechele (BUF),0,0,0,0,0,0,0,0,0,0,0,0,0,0,0,0.0%,7,BUF
81,Skylar Thompson (MIA),0,0,0,0,0,0,0,0,0,0,0,0,0,0,0,2.0%,7,MIA
77,Stetson Bennett (LAR),0,0,0,0,0,0,0,0,0,0,0,0,0,0,0,0.0%,7,LAR
59,Tanner McKee (PHI),0,0,0,0,0,0,0,0,0,0,0,0,0,0,0,0.0%,7,PHI
55,Tanner Mordecai (SF),0,0,0,0,0,0,0,0,0,0,0,0,0,0,0,0.0%,7,SF
109,Taylor Heinicke (LAC),0,0,0,0,0,0,0,0,0,0,0,0,0,0,0,0.0%,7,LAC
91,Taysom Hill (NO),0,0,0,0,0,0,0,0,0,0,0,0,0,0,0,45.2%,7,NO
56,Tommy DeVito (NYG),0,0,0,0,0,0,0,0,0,0,0,0,0,0,0,12.0%,7,NYG
115,Trevor Siemian (TEN),0,0,0,0,0,0,0,0,0,0,0,0,1,0.0,0.0,0.0%,7,TEN
51,Trey Lance (DAL),0,0,0,0,0,0,0,0,0,0,0,0,0,0,0,1.1%,7,DAL
82,Tua Tagovailoa (MIA),0,0,0,0,0,0,0,0,0,0,0,0,0,0,0,62.7%,7,MIA
83,Tyrod Taylor (NYJ),0,0,0,0,0,0,0,0,0,0,0,0,0,0,0,1.0%,7,NYJ
53,Tyson Bagent (CHI),0,0,0,0,0,0,0,0,0,0,0,0,0,0,0,0.1%,7,CHI
105,Will Grier (DAL),0,0,0,0,0,0,0,0,0,0,0,0,0,0,0,0.0%,7,DAL
66,Will Levis (TEN),0,0,0,0,0,0,0,0,0,0,0,0,0,0,0,9.4%,7,TEN
40,Zach Wilson (DEN),0,0,0,0,0,0,0,0,0,0,0,0,0,0,0,0.1%,7,DEN
116,Jarrett Stidham (DEN),0,0,0,0,0,0,0,0,2,-2,0,0,1,-0.2,-0.2,1.1%,7,DEN
117,Bryce Young (CAR),2,2,100.0,-4,-2.0,0,0,0,0,0,0,0,1,-0.2,-0.2,5.2%,7,CAR
1,Jalen Hurts (PHI),16,20,80.0,236,11.8,1,0,0,10,37,3,0,1,35.1,35.1,99.7%,8,PHI
2,Bo Nix (DEN),28,37,75.7,284,7.7,3,0,2,5,4,1,0,1,29.8,29.8,64.4%,8,DEN
3,Kirk Cousins (ATL),23,29,79.3,276,9.5,4,0,2,3,16,0,0,1,28.6,28.6,63.9%,8,ATL
4,Brock Purdy (SF),18,26,69.2,260,10.0,1,0,2,8,56,1,0,1,26.0,26.0,91.5%,8,SF
5,Matthew Stafford (LAR),25,34,73.5,279,8.2,4,1,0,3,-4,0,0,1,25.8,25.8,51.3%,8,LAR
6,Trevor Lawrence (JAC),21,32,65.6,308,9.6,2,1,1,4,10,1,1,1,24.3,24.3,32.3%,8,JAC
7,Baker Mayfield (TB),37,50,74.0,330,6.6,3,2,0,3,11,0,0,1,24.3,24.3,84.1%,8,TB
8,Lamar Jackson (BAL),23,38,60.5,289,7.6,2,0,3,8,46,0,0,1,24.2,24.2,99.8%,8,BAL
9,Justin Herbert (LAC),20,32,62.5,279,8.7,2,0,3,4,49,0,0,1,24.1,24.1,64.8%,8,LAC
10,Jameis Winston (CLE),27,41,65.9,334,8.1,3,0,2,2,2,0,1,1,23.6,23.6,13.1%,8,CLE
12,Jayden Daniels (WAS),21,38,55.3,326,8.6,1,0,2,8,52,0,0,1,22.2,22.2,98.1%,8,WAS
11,Kyler Murray (ARI),26,36,72.2,307,8.5,2,0,0,5,19,0,0,1,22.2,22.2,94.5%,8,ARI
13,Mason Rudolph (TEN),22,38,57.9,266,7.0,1,2,1,4,29,1,0,1,21.5,21.5,0.7%,8,TEN
14,Josh Allen (BUF),24,34,70.6,283,8.3,2,1,1,7,25,0,0,1,20.8,20.8,99.7%,8,BUF
15,Patrick Mahomes II (KC),27,38,71.1,262,6.9,2,1,1,6,17,0,0,1,19.2,19.2,97.8%,8,KC
16,Sam Darnold (MIN),18,25,72.0,240,9.6,2,0,3,3,6,0,0,1,18.2,18.2,66.1%,8,MIN
17,Aaron Rodgers (NYJ),17,28,60.7,233,8.3,2,0,1,0,0,0,0,1,17.3,17.3,45.1%,8,NYJ
19,Bryce Young (CAR),24,37,64.9,224,6.1,2,2,2,3,6,0,0,1,15.6,15.6,5.2%,8,CAR
18,Dak Prescott (DAL),25,38,65.8,243,6.4,2,2,2,1,-1,0,0,1,15.6,15.6,61.0%,8,DAL
20,Jared Goff (DET),12,15,80.0,85,5.7,3,0,4,1,1,0,0,1,15.5,15.5,79.5%,8,DET
21,Gardner Minshew II (LV),24,30,80.0,209,7.0,2,0,5,2,6,0,1,1,15.0,15.0,5.3%,8,LV
22,Tua Tagovailoa (MIA),28,38,73.7,234,6.2,1,0,1,3,13,0,0,1,14.7,14.7,62.7%,8,MIA
23,Joe Burrow (CIN),26,37,70.3,234,6.3,1,1,1,3,15,0,0,1,13.9,13.9,97.3%,8,CIN
24,Russell Wilson (PIT),20,28,71.4,278,9.9,1,0,4,3,7,0,1,1,13.8,13.8,38.3%,8,PIT
25,Anthony Richardson (IND),10,32,31.3,175,5.5,1,1,5,6,45,0,1,1,12.5,12.5,62.6%,8,IND
26,C.J. Stroud (HOU),25,37,67.6,285,7.7,1,0,2,1,-10,0,1,1,12.4,12.4,93.6%,8,HOU
27,Drake Maye (NE),3,6,50.0,23,3.8,0,0,1,3,46,1,0,1,11.5,11.5,21.5%,8,NE
28,Caleb Williams (CHI),10,24,41.7,131,5.5,0,0,3,9,47,0,1,1,9.9,9.9,51.0%,8,CHI
29,Geno Smith (SEA),21,29,72.4,212,7.3,0,1,1,5,16,0,0,1,9.1,9.1,59.2%,8,SEA
30,Malik Willis (GB),4,5,80.0,56,11.2,1,0,1,4,23,0,0,1,8.5,8.5,2.0%,8,GB
31,Jacoby Brissett (NE),15,24,62.5,132,5.5,0,0,1,3,11,0,0,1,8.4,8.4,2.4%,8,NE
32,Daniel Jones (FA),24,38,63.2,264,6.9,0,1,4,3,1,0,1,1,7.7,7.7,14.1%,8,FA
33,Jordan Love (GB),14,22,63.6,196,8.9,0,1,0,1,-1,0,0,1,6.7,6.7,88.1%,8,GB
34,Spencer Rattler (NO),12,24,50.0,156,6.5,0,0,3,0,0,0,0,1,6.2,6.2,1.1%,8,NO
35,Jake Haener (NO),9,17,52.9,122,7.2,0,0,2,2,10,0,0,1,5.9,5.9,0.0%,8,NO
36,Hendon Hooker (DET),2,3,66.7,6,2.0,0,0,0,0,0,0,0,1,0.2,0.2,0.2%,8,DET
84,Adam Froman (ATL),0,0,0,0,0,0,0,0,0,0,0,0,0,0,0,0.0%,8,ATL
69,Adrian Martinez (NYJ),0,0,0,0,0,0,0,0,0,0,0,0,0,0,0,0.0%,8,NYJ
77,Aidan O'Connell (LV),0,0,0,0,0,0,0,0,0,0,0,0,0,0,0,1.6%,8,LV
103,Alex McGough (GB),0,0,0,0,0,0,0,0,0,0,0,0,0,0,0,0.0%,8,GB
81,Andy Dalton (CAR),0,0,0,0,0,0,0,0,0,0,0,0,0,0,0,2.1%,8,CAR
75,Anthony Brown Jr. (ARI),0,0,0,0,0,0,0,0,0,0,0,0,0,0,0,0.0%,8,ARI
60,Austin Reed (CHI),0,0,0,0,0,0,0,0,0,0,0,0,0,0,0,0.0%,8,CHI
76,Bailey Zappe (CLE),0,0,0,0,0,0,0,0,0,0,0,0,0,0,0,0.0%,8,CLE
83,Ben Chappell (WAS),0,0,0,0,0,0,0,0,0,0,0,0,0,0,0,0.0%,8,WAS
114,Brandon Allen (SF),0,0,0,0,0,0,0,0,0,0,0,0,0,0,0,3.1%,8,SF
102,Brett Rypien (MIN),0,0,0,0,0,0,0,0,0,0,0,0,0,0,0,0.0%,8,MIN
109,Brett Smith (TB),0,0,0,0,0,0,0,0,0,0,0,0,0,0,0,0.0%,8,TB
96,C.J. Beathard (JAC),0,0,0,0,0,0,0,0,0,0,0,0,0,0,0,0.0%,8,JAC
115,Carson Wentz (KC),0,0,0,0,0,0,0,0,0,0,0,0,0,0,0,0.1%,8,KC
61,Carter Bradley (LV),0,0,0,0,0,0,0,0,0,0,0,0,0,0,0,0.0%,8,LV
87,Case Keenum (HOU),0,0,0,0,0,0,0,0,0,0,0,0,0,0,0,0.0%,8,HOU
57,Chris Oladokun (KC),0,0,0,0,0,0,0,0,0,0,0,0,0,0,0,0.0%,8,KC
54,Clayton Tune (ARI),0,0,0,0,0,0,0,0,0,0,0,0,0,0,0,0.0%,8,ARI
97,Cooper Rush (DAL),0,0,0,0,0,0,0,0,0,0,0,0,0,0,0,4.2%,8,DAL
40,Davis Mills (HOU),0,0,0,0,0,0,0,0,0,0,0,0,0,0,0,0.1%,8,HOU
110,Derek Carr (NO),0,0,0,0,0,0,0,0,0,0,0,0,0,0,0,27.5%,8,NO
94,Deshaun Watson (CLE),0,0,0,0,0,0,0,0,0,0,0,0,0,0,0,7.6%,8,CLE
50,Desmond Ridder (LV),0,0,0,0,0,0,0,0,0,0,0,0,0,0,0,0.1%,8,LV
58,Devin Leary (BAL),0,0,0,0,0,0,0,0,0,0,0,0,0,0,0,0.0%,8,BAL
52,Dorian Thompson-Robinson (CLE),0,0,0,0,0,0,0,0,0,0,0,0,0,0,0,0.1%,8,CLE
106,Drew Lock (NYG),0,0,0,0,0,0,0,0,0,0,0,0,0,0,0,0.8%,8,NYG
99,Easton Stick (LAC),0,0,0,0,0,0,0,0,0,0,0,0,0,0,0,0.0%,8,LAC
86,Erik Ainge (NYJ),0,0,0,0,0,0,0,0,0,0,0,0,0,0,0,0.0%,8,NYJ
48,Feleipe Franks (CAR),0,0,0,0,0,0,0,0,0,0,0,0,0,0,0,0.0%,8,CAR
85,Hunter Cantwell (BAL),0,0,0,0,0,0,0,0,0,0,0,0,0,0,0,0.0%,8,BAL
71,J.J. McCarthy (MIN),0,0,0,0,0,0,0,0,0,0,0,0,0,0,0,2.0%,8,MIN
62,Jack Plummer (CAR),0,0,0,0,0,0,0,0,0,0,0,0,0,0,0,0.0%,8,CAR
100,Jake Browning (CIN),0,0,0,0,0,0,0,0,0,0,0,0,1,0.0,0.0,0.6%,8,CIN
44,Jake Fromm (DET),0,0,0,0,0,0,0,0,0,0,0,0,0,0,0,0.0%,8,DET
78,Jaren Hall (SEA),0,0,0,0,0,0,0,0,0,0,0,0,0,0,0,0.0%,8,SEA
101,Jarrett Stidham (DEN),0,0,0,0,0,0,0,0,0,0,0,0,0,0,0,1.1%,8,DEN
63,Jason Bean (IND),0,0,0,0,0,0,0,0,0,0,0,0,0,0,0,0.0%,8,IND
113,Jeff Driskel (WAS),0,0,0,0,0,0,0,0,0,0,0,0,0,0,0,0.0%,8,WAS
111,Jimmy Garoppolo (LAR),0,0,0,0,0,0,0,0,0,0,0,0,0,0,0,0.1%,8,LAR
88,Joe Flacco (IND),0,0,0,0,0,0,0,0,0,0,0,0,1,0.0,0.0,6.4%,8,IND
64,Joe Milton III (NE),0,0,0,0,0,0,0,0,0,0,0,0,0,0,0,0.1%,8,NE
37,John Rhys Plumlee (SEA),0,0,0,0,0,0,0,0,0,0,0,0,0,0,0,0.0%,8,SEA
65,Jordan Travis (NYJ),0,0,0,0,0,0,0,0,0,0,0,0,0,0,0,0.1%,8,NYJ
89,Josh Johnson (BAL),0,0,0,0,0,0,0,0,0,0,0,0,0,0,0,0.1%,8,BAL
93,Joshua Dobbs (SF),0,0,0,0,0,0,0,0,0,0,0,0,0,0,0,0.1%,8,SF
41,Justin Fields (PIT),0,0,0,0,0,0,0,0,0,0,0,0,0,0,0,11.1%,8,PIT
80,Kedon Slovis (HOU),0,0,0,0,0,0,0,0,0,0,0,0,0,0,0,0.0%,8,HOU
38,Kenny Pickett (PHI),0,0,0,0,0,0,0,0,0,0,0,0,0,0,0,0.2%,8,PHI
105,Kyle Allen (PIT),0,0,0,0,0,0,0,0,0,0,0,0,0,0,0,0.0%,8,PIT
42,Kyle Trask (TB),0,0,0,0,0,0,0,0,0,0,0,0,0,0,0,0.0%,8,TB
90,Logan Woodside (CIN),0,0,0,0,0,0,0,0,0,0,0,0,0,0,0,0.0%,8,CIN
47,Mac Jones (JAC),0,0,0,0,0,0,0,0,0,0,0,0,0,0,0,1.8%,8,JAC
73,Malik Cunningham (BAL),0,0,0,0,0,0,0,0,0,0,0,0,0,0,0,0.0%,8,BAL
108,Marcus Mariota (WAS),0,0,0,0,0,0,0,0,0,0,0,0,0,0,0,0.9%,8,WAS
70,Michael Penix Jr. (ATL),0,0,0,0,0,0,0,0,0,0,0,0,0,0,0,1.9%,8,ATL
53,Michael Pratt (TB),0,0,0,0,0,0,0,0,0,0,0,0,0,0,0,0.0%,8,TB
92,Mike White (BUF),0,0,0,0,0,0,0,0,0,0,0,0,0,0,0,0.0%,8,BUF
95,Nathan Peterman (ATL),0,0,0,0,0,0,0,0,0,0,0,0,0,0,0,0.0%,8,ATL
98,Nick Mullens (MIN),0,0,0,0,0,0,0,0,0,0,0,0,0,0,0,0.1%,8,MIN
43,Sam Ehlinger (IND),0,0,0,0,0,0,0,0,0,0,0,0,0,0,0,0.0%,8,IND
67,Sam Hartman (WAS),0,0,0,0,0,0,0,0,0,0,0,0,0,0,0,0.0%,8,WAS
68,Sam Howell (SEA),0,0,0,0,0,0,0,0,0,0,0,0,0,0,0,1.3%,8,SEA
49,Sean Clifford (GB),0,0,0,0,0,0,0,0,0,0,0,0,0,0,0,0.0%,8,GB
46,Shane Buechele (BUF),0,0,0,0,0,0,0,0,0,0,0,0,0,0,0,0.0%,8,BUF
74,Skylar Thompson (MIA),0,0,0,0,0,0,0,0,0,0,0,0,0,0,0,2.0%,8,MIA
79,Stetson Bennett (LAR),0,0,0,0,0,0,0,0,0,0,0,0,0,0,0,0.0%,8,LAR
59,Tanner McKee (PHI),0,0,0,0,0,0,0,0,0,0,0,0,0,0,0,0.0%,8,PHI
55,Tanner Mordecai (SF),0,0,0,0,0,0,0,0,0,0,0,0,0,0,0,0.0%,8,SF
112,Taylor Heinicke (LAC),0,0,0,0,0,0,0,0,0,0,0,0,0,0,0,0.0%,8,LAC
104,Tim Boyle (NYG),0,0,0,0,0,0,0,0,0,0,0,0,0,0,0,0.0%,8,NYG
66,Tommy DeVito (NYG),0,0,0,0,0,0,0,0,0,0,0,0,0,0,0,12.0%,8,NYG
116,Trevor Siemian (TEN),0,0,0,0,0,0,0,0,0,0,0,0,0,0,0,0.0%,8,TEN
51,Trey Lance (DAL),0,0,0,0,0,0,0,0,0,0,0,0,0,0,0,1.1%,8,DAL
45,Tyler Huntley (MIA),0,0,0,0,0,0,0,0,0,0,0,0,0,0,0,1.1%,8,MIA
82,Tyrod Taylor (NYJ),0,0,0,0,0,0,0,0,0,0,0,0,0,0,0,1.0%,8,NYJ
56,Tyson Bagent (CHI),0,0,0,0,0,0,0,0,0,0,0,0,0,0,0,0.1%,8,CHI
107,Will Grier (DAL),0,0,0,0,0,0,0,0,0,0,0,0,0,0,0,0.0%,8,DAL
72,Will Levis (TEN),0,0,0,0,0,0,0,0,0,0,0,0,0,0,0,9.4%,8,TEN
39,Zach Wilson (DEN),0,0,0,0,0,0,0,0,0,0,0,0,0,0,0,0.1%,8,DEN
91,Taysom Hill (NO),1,1,100.0,3,3.0,0,0,0,4,20,0,0,1,0.0,0.0,45.2%,8,NO
117,Mitchell Trubisky (BUF),0,0,0,0,0,0,0,0,3,-3,0,0,1,-0.3,-0.3,0.1%,8,BUF
1,Joe Burrow (CIN),27,39,69.2,251,6.4,5,1,1,3,11,0,0,1,30.1,30.1,97.3%,9,CIN
2,Jalen Hurts (PHI),18,24,75.0,230,9.6,2,0,3,13,67,1,0,1,29.9,29.9,99.7%,9,PHI
3,Geno Smith (SEA),21,34,61.8,363,10.7,3,3,7,6,16,0,0,1,25.1,25.1,59.2%,9,SEA
4,Patrick Mahomes II (KC),34,44,77.3,291,6.6,3,0,4,2,9,0,0,1,24.5,24.5,97.8%,9,KC
5,Daniel Jones (FA),20,26,76.9,174,6.7,2,0,2,7,54,1,1,1,24.4,24.4,14.1%,9,FA
6,Lamar Jackson (BAL),16,19,84.2,280,14.7,3,0,1,3,4,0,0,1,23.6,23.6,99.8%,9,BAL
7,Josh Allen (BUF),25,39,64.1,235,6.0,3,1,1,2,7,0,0,1,23.1,23.1,99.7%,9,BUF
8,Trevor Lawrence (JAC),16,31,51.6,169,5.5,0,2,2,5,8,2,0,1,21.6,21.6,32.3%,9,JAC
9,Sam Darnold (MIN),28,34,82.4,290,8.5,3,2,4,4,14,0,1,1,21.0,21.0,66.1%,9,MIN
10,Aaron Rodgers (NYJ),22,32,68.8,211,6.6,3,0,2,1,-1,0,0,1,20.3,20.3,45.1%,9,NYJ
11,Jayden Daniels (WAS),15,22,68.2,209,9.5,2,0,0,8,35,0,0,1,19.9,19.9,98.1%,9,WAS
12,Justin Herbert (LAC),18,27,66.7,282,10.4,2,0,6,3,2,0,0,1,19.5,19.5,64.8%,9,LAC
13,Matthew Stafford (LAR),25,44,56.8,298,6.8,2,1,0,1,0,0,0,1,18.9,18.9,51.3%,9,LAR
14,Mason Rudolph (TEN),20,33,60.6,240,7.3,2,1,1,4,19,0,0,1,18.5,18.5,0.7%,9,TEN
15,Baker Mayfield (TB),23,31,74.2,200,6.5,2,0,2,4,20,0,0,1,18.0,18.0,84.1%,9,TB
16,Kirk Cousins (ATL),19,24,79.2,222,9.3,3,0,2,4,-11,0,1,1,17.8,17.8,63.9%,9,ATL
17,Bo Nix (DEN),19,33,57.6,223,6.8,0,1,4,6,36,0,0,1,17.7,17.7,64.4%,9,DEN
18,Drake Maye (NE),29,41,70.7,206,5.0,1,2,4,8,95,0,1,1,17.7,17.7,21.5%,9,NE
19,Tua Tagovailoa (MIA),25,28,89.3,231,8.3,2,0,1,2,3,0,0,1,17.5,17.5,62.7%,9,MIA
20,Derek Carr (NO),18,31,58.1,236,7.6,1,0,1,0,0,0,0,1,13.4,13.4,27.5%,9,NO
21,Jameis Winston (CLE),26,46,56.5,235,5.1,1,3,6,5,27,0,0,1,13.1,13.1,13.1%,9,CLE
22,Dak Prescott (DAL),18,24,75.0,133,5.5,1,0,3,3,30,0,0,1,12.3,12.3,61.0%,9,DAL
23,Jordan Love (GB),23,39,59.0,273,7.0,0,1,0,3,0,0,0,1,11.9,11.9,88.1%,9,GB
24,C.J. Stroud (HOU),11,30,36.7,191,6.4,0,0,8,8,59,0,1,1,11.5,11.5,93.6%,9,HOU
25,Cooper Rush (DAL),13,25,52.0,115,4.6,1,0,0,1,4,0,0,1,11.0,11.0,4.2%,9,DAL
26,Bryce Young (CAR),16,26,61.5,171,6.6,1,1,1,4,9,0,0,1,10.7,10.7,5.2%,9,CAR
27,Jared Goff (DET),18,22,81.8,145,6.6,1,0,1,3,-2,0,0,1,9.6,9.6,79.5%,9,DET
28,Caleb Williams (CHI),22,41,53.7,217,5.3,0,0,6,4,5,0,0,1,9.2,9.2,51.0%,9,CHI
29,Desmond Ridder (LV),11,16,68.8,74,4.6,1,0,4,1,2,0,1,1,5.2,5.2,0.1%,9,LV
30,Kyler Murray (ARI),13,20,65.0,154,7.7,0,0,3,2,6,0,1,1,4.8,4.8,94.5%,9,ARI
31,Joe Flacco (IND),16,27,59.3,179,6.6,0,1,3,2,-1,0,1,1,4.1,4.1,6.4%,9,IND
32,Gardner Minshew II (LV),10,17,58.8,124,7.3,0,0,1,1,0,0,1,1,3.0,3.0,5.3%,9,LV
33,Josh Johnson (BAL),0,0,0,0,0,0,0,0,3,2,0,0,1,0.2,0.2,0.1%,9,BAL
86,Adam Froman (ATL),0,0,0,0,0,0,0,0,0,0,0,0,0,0,0,0.0%,9,ATL
72,Adrian Martinez (NYJ),0,0,0,0,0,0,0,0,0,0,0,0,0,0,0,0.0%,9,NYJ
75,Aidan O'Connell (LV),0,0,0,0,0,0,0,0,0,0,0,0,0,0,0,1.6%,9,LV
103,Alex McGough (GB),0,0,0,0,0,0,0,0,0,0,0,0,0,0,0,0.0%,9,GB
84,Andy Dalton (CAR),0,0,0,0,0,0,0,0,0,0,0,0,0,0,0,2.1%,9,CAR
78,Anthony Brown Jr. (ARI),0,0,0,0,0,0,0,0,0,0,0,0,0,0,0,0.0%,9,ARI
65,Anthony Richardson (IND),0,0,0,0,0,0,0,0,0,0,0,0,0,0,0,62.6%,9,IND
57,Austin Reed (CHI),0,0,0,0,0,0,0,0,0,0,0,0,0,0,0,0.0%,9,CHI
81,Bailey Zappe (CLE),0,0,0,0,0,0,0,0,0,0,0,0,0,0,0,0.0%,9,CLE
85,Ben Chappell (WAS),0,0,0,0,0,0,0,0,0,0,0,0,0,0,0,0.0%,9,WAS
114,Brandon Allen (SF),0,0,0,0,0,0,0,0,0,0,0,0,0,0,0,3.1%,9,SF
102,Brett Rypien (MIN),0,0,0,0,0,0,0,0,0,0,0,0,0,0,0,0.0%,9,MIN
110,Brett Smith (TB),0,0,0,0,0,0,0,0,0,0,0,0,0,0,0,0.0%,9,TB
37,Brock Purdy (SF),0,0,0,0,0,0,0,0,0,0,0,0,0,0,0,91.5%,9,SF
98,C.J. Beathard (JAC),0,0,0,0,0,0,0,0,0,0,0,0,0,0,0,0.0%,9,JAC
115,Carson Wentz (KC),0,0,0,0,0,0,0,0,0,0,0,0,0,0,0,0.1%,9,KC
58,Carter Bradley (LV),0,0,0,0,0,0,0,0,0,0,0,0,0,0,0,0.0%,9,LV
90,Case Keenum (HOU),0,0,0,0,0,0,0,0,0,0,0,0,0,0,0,0.0%,9,HOU
53,Chris Oladokun (KC),0,0,0,0,0,0,0,0,0,0,0,0,0,0,0,0.0%,9,KC
50,Clayton Tune (ARI),0,0,0,0,0,0,0,0,0,0,0,0,1,0.0,0.0,0.0%,9,ARI
36,Davis Mills (HOU),0,0,0,0,0,0,0,0,0,0,0,0,0,0,0,0.1%,9,HOU
95,Deshaun Watson (CLE),0,0,0,0,0,0,0,0,0,0,0,0,0,0,0,7.6%,9,CLE
54,Devin Leary (BAL),0,0,0,0,0,0,0,0,0,0,0,0,0,0,0,0.0%,9,BAL
47,Dorian Thompson-Robinson (CLE),0,0,0,0,0,0,0,0,0,0,0,0,0,0,0,0.1%,9,CLE
106,Drew Lock (NYG),0,0,0,0,0,0,0,0,0,0,0,0,0,0,0,0.8%,9,NYG
100,Easton Stick (LAC),0,0,0,0,0,0,0,0,0,0,0,0,0,0,0,0.0%,9,LAC
87,Erik Ainge (NYJ),0,0,0,0,0,0,0,0,0,0,0,0,0,0,0,0.0%,9,NYJ
45,Feleipe Franks (CAR),0,0,0,0,0,0,0,0,0,0,0,0,0,0,0,0.0%,9,CAR
76,Hendon Hooker (DET),0,0,0,0,0,0,0,0,0,0,0,0,0,0,0,0.2%,9,DET
88,Hunter Cantwell (BAL),0,0,0,0,0,0,0,0,0,0,0,0,0,0,0,0.0%,9,BAL
71,J.J. McCarthy (MIN),0,0,0,0,0,0,0,0,0,0,0,0,0,0,0,2.0%,9,MIN
59,Jack Plummer (CAR),0,0,0,0,0,0,0,0,0,0,0,0,0,0,0,0.0%,9,CAR
113,Jacoby Brissett (NE),0,0,0,0,0,0,0,0,0,0,0,0,0,0,0,2.4%,9,NE
41,Jake Fromm (DET),0,0,0,0,0,0,0,0,0,0,0,0,0,0,0,0.0%,9,DET
55,Jake Haener (NO),0,0,0,0,0,0,0,0,0,0,0,0,0,0,0,0.0%,9,NO
82,Jaren Hall (SEA),0,0,0,0,0,0,0,0,0,0,0,0,0,0,0,0.0%,9,SEA
101,Jarrett Stidham (DEN),0,0,0,0,0,0,0,0,0,0,0,0,0,0,0,1.1%,9,DEN
60,Jason Bean (IND),0,0,0,0,0,0,0,0,0,0,0,0,0,0,0,0.0%,9,IND
112,Jeff Driskel (WAS),0,0,0,0,0,0,0,0,0,0,0,0,0,0,0,0.0%,9,WAS
109,Jimmy Garoppolo (LAR),0,0,0,0,0,0,0,0,0,0,0,0,0,0,0,0.1%,9,LAR
64,Joe Milton III (NE),0,0,0,0,0,0,0,0,0,0,0,0,0,0,0,0.1%,9,NE
61,John Rhys Plumlee (SEA),0,0,0,0,0,0,0,0,0,0,0,0,0,0,0,0.0%,9,SEA
62,Jordan Travis (NYJ),0,0,0,0,0,0,0,0,0,0,0,0,0,0,0,0.1%,9,NYJ
97,Joshua Dobbs (SF),0,0,0,0,0,0,0,0,0,0,0,0,0,0,0,0.1%,9,SF
38,Justin Fields (PIT),0,0,0,0,0,0,0,0,0,0,0,0,0,0,0,11.1%,9,PIT
67,Kedon Slovis (HOU),0,0,0,0,0,0,0,0,0,0,0,0,0,0,0,0.0%,9,HOU
35,Kenny Pickett (PHI),0,0,0,0,0,0,0,0,0,0,0,0,0,0,0,0.2%,9,PHI
105,Kyle Allen (PIT),0,0,0,0,0,0,0,0,0,0,0,0,0,0,0,0.0%,9,PIT
39,Kyle Trask (TB),0,0,0,0,0,0,0,0,0,0,0,0,0,0,0,0.0%,9,TB
91,Logan Woodside (CIN),0,0,0,0,0,0,0,0,0,0,0,0,0,0,0,0.0%,9,CIN
48,Mac Jones (JAC),0,0,0,0,0,0,0,0,0,0,0,0,0,0,0,1.8%,9,JAC
70,Malik Cunningham (BAL),0,0,0,0,0,0,0,0,0,0,0,0,0,0,0,0.0%,9,BAL
79,Malik Willis (GB),0,0,0,0,0,0,0,0,0,0,0,0,0,0,0,2.0%,9,GB
108,Marcus Mariota (WAS),0,0,0,0,0,0,0,0,0,0,0,0,0,0,0,0.9%,9,WAS
68,Michael Penix Jr. (ATL),0,0,0,0,0,0,0,0,0,0,0,0,0,0,0,1.9%,9,ATL
49,Michael Pratt (TB),0,0,0,0,0,0,0,0,0,0,0,0,0,0,0,0.0%,9,TB
93,Mike White (BUF),0,0,0,0,0,0,0,0,0,0,0,0,0,0,0,0.0%,9,BUF
94,Mitchell Trubisky (BUF),0,0,0,0,0,0,0,0,0,0,0,0,0,0,0,0.1%,9,BUF
96,Nathan Peterman (ATL),0,0,0,0,0,0,0,0,0,0,0,0,0,0,0,0.0%,9,ATL
99,Nick Mullens (MIN),0,0,0,0,0,0,0,0,0,0,0,0,0,0,0,0.1%,9,MIN
89,Russell Wilson (PIT),0,0,0,0,0,0,0,0,0,0,0,0,0,0,0,38.3%,9,PIT
40,Sam Ehlinger (IND),0,0,0,0,0,0,0,0,0,0,0,0,0,0,0,0.0%,9,IND
77,Sam Hartman (WAS),0,0,0,0,0,0,0,0,0,0,0,0,0,0,0,0.0%,9,WAS
73,Sam Howell (SEA),0,0,0,0,0,0,0,0,0,0,0,0,0,0,0,1.3%,9,SEA
44,Sean Clifford (GB),0,0,0,0,0,0,0,0,0,0,0,0,0,0,0,0.0%,9,GB
43,Shane Buechele (BUF),0,0,0,0,0,0,0,0,0,0,0,0,0,0,0,0.0%,9,BUF
74,Skylar Thompson (MIA),0,0,0,0,0,0,0,0,0,0,0,0,0,0,0,2.0%,9,MIA
66,Spencer Rattler (NO),0,0,0,0,0,0,0,0,0,0,0,0,0,0,0,1.1%,9,NO
80,Stetson Bennett (LAR),0,0,0,0,0,0,0,0,0,0,0,0,0,0,0,0.0%,9,LAR
56,Tanner McKee (PHI),0,0,0,0,0,0,0,0,0,0,0,0,0,0,0,0.0%,9,PHI
51,Tanner Mordecai (SF),0,0,0,0,0,0,0,0,0,0,0,0,0,0,0,0.0%,9,SF
111,Taylor Heinicke (LAC),0,0,0,0,0,0,0,0,0,0,0,0,0,0,0,0.0%,9,LAC
92,Taysom Hill (NO),0,1,0.0,0,0.0,0,0,0,5,19,1,0,1,0.0,0.0,45.2%,9,NO
104,Tim Boyle (NYG),0,0,0,0,0,0,0,0,0,0,0,0,0,0,0,0.0%,9,NYG
63,Tommy DeVito (NYG),0,0,0,0,0,0,0,0,0,0,0,0,0,0,0,12.0%,9,NYG
116,Trevor Siemian (TEN),0,0,0,0,0,0,0,0,0,0,0,0,0,0,0,0.0%,9,TEN
46,Trey Lance (DAL),0,0,0,0,0,0,0,0,0,0,0,0,0,0,0,1.1%,9,DAL
42,Tyler Huntley (MIA),0,0,0,0,0,0,0,0,0,0,0,0,0,0,0,1.1%,9,MIA
83,Tyrod Taylor (NYJ),0,0,0,0,0,0,0,0,0,0,0,0,0,0,0,1.0%,9,NYJ
52,Tyson Bagent (CHI),0,0,0,0,0,0,0,0,0,0,0,0,0,0,0,0.1%,9,CHI
107,Will Grier (DAL),0,0,0,0,0,0,0,0,0,0,0,0,0,0,0,0.0%,9,DAL
69,Will Levis (TEN),0,0,0,0,0,0,0,0,0,0,0,0,0,0,0,9.4%,9,TEN
34,Zach Wilson (DEN),0,0,0,0,0,0,0,0,0,0,0,0,0,0,0,0.1%,9,DEN
117,Jake Browning (CIN),0,0,0,0,0,0,0,0,1,-1,0,0,1,-0.1,-0.1,0.6%,9,CIN
1,Joe Burrow (CIN),34,56,60.7,428,7.6,4,0,3,2,6,0,0,1,33.7,33.7,97.3%,10,CIN
2,Lamar Jackson (BAL),25,33,75.8,290,8.8,4,0,0,7,33,0,0,1,32.9,32.9,99.8%,10,BAL
3,Jalen Hurts (PHI),14,20,70.0,202,10.1,2,1,5,7,56,2,1,1,30.7,30.7,99.7%,10,PHI
4,Kyler Murray (ARI),22,24,91.7,266,11.1,1,0,1,3,21,2,0,1,28.7,28.7,94.5%,10,ARI
5,Brock Purdy (SF),25,36,69.4,353,9.8,2,0,3,4,17,0,0,1,23.8,23.8,91.5%,10,SF
6,Derek Carr (NO),16,25,64.0,269,10.8,2,0,0,4,17,0,0,1,20.5,20.5,27.5%,10,NO
7,Josh Allen (BUF),22,37,59.5,280,7.6,0,2,2,8,50,1,0,1,20.2,20.2,99.7%,10,BUF
8,Justin Herbert (LAC),14,18,77.8,164,9.1,1,0,0,9,32,1,0,1,19.8,19.8,64.8%,10,LAC
9,Russell Wilson (PIT),14,28,50.0,195,7.0,3,1,3,4,3,0,0,1,19.1,19.1,38.3%,10,PIT
10,Will Levis (TEN),18,23,78.3,175,7.6,2,0,7,5,41,0,0,1,19.1,19.1,9.4%,10,TEN
11,Patrick Mahomes II (KC),28,42,66.7,266,6.3,1,0,4,3,19,0,0,1,16.5,16.5,97.8%,10,KC
12,Bo Nix (DEN),22,30,73.3,215,7.2,2,0,2,3,-5,0,0,1,16.1,16.1,64.4%,10,DEN
13,Daniel Jones (FA),22,37,59.5,190,5.1,0,2,2,7,26,1,0,1,14.2,14.2,14.1%,10,FA
14,Joe Flacco (IND),26,35,74.3,272,7.8,2,3,4,0,0,0,1,1,13.9,13.9,6.4%,10,IND
16,Drake Maye (NE),15,25,60.0,184,7.4,1,1,1,4,24,0,0,1,12.8,12.8,21.5%,10,NE
15,Jared Goff (DET),15,30,50.0,240,8.0,2,5,0,1,2,0,0,1,12.8,12.8,79.5%,10,DET
17,Bryce Young (CAR),15,25,60.0,126,5.0,1,0,1,2,30,0,0,1,12.0,12.0,5.2%,10,CAR
18,C.J. Stroud (HOU),19,33,57.6,232,7.0,1,2,4,1,5,0,0,1,11.8,11.8,93.6%,10,HOU
19,Kirk Cousins (ATL),23,38,60.5,306,8.1,0,1,3,0,0,0,0,1,11.2,11.2,63.9%,10,ATL
20,Matthew Stafford (LAR),32,46,69.6,293,6.4,0,1,4,1,0,0,0,1,10.7,10.7,51.3%,10,LAR
21,Sam Darnold (MIN),24,38,63.2,241,6.3,0,3,1,7,28,0,0,1,9.4,9.4,66.1%,10,MIN
22,Tua Tagovailoa (MIA),20,28,71.4,207,7.4,1,1,3,1,-1,0,1,1,9.2,9.2,62.7%,10,MIA
23,Baker Mayfield (TB),18,29,62.1,116,4.0,1,0,2,3,3,0,0,1,8.9,8.9,84.1%,10,TB
24,Jayden Daniels (WAS),17,34,50.0,202,5.9,0,0,3,3,5,0,0,1,8.6,8.6,98.1%,10,WAS
25,Mac Jones (JAC),14,22,63.6,111,5.0,0,2,3,5,8,1,1,1,7.2,7.2,1.8%,10,JAC
26,Caleb Williams (CHI),16,30,53.3,120,4.0,0,0,9,2,15,0,0,1,6.3,6.3,51.0%,10,CHI
27,Aaron Rodgers (NYJ),22,35,62.9,151,4.3,0,0,3,0,0,0,1,1,4.0,4.0,45.1%,10,NYJ
28,Trey Lance (DAL),4,6,66.7,21,3.5,0,1,2,3,17,0,0,1,1.5,1.5,1.1%,10,DAL
29,Kenny Pickett (PHI),1,2,50.0,5,2.5,0,0,0,1,1,0,0,1,0.3,0.3,0.2%,10,PHI
79,Adam Froman (ATL),0,0,0,0,0,0,0,0,0,0,0,0,0,0,0,0.0%,10,ATL
62,Adrian Martinez (NYJ),0,0,0,0,0,0,0,0,0,0,0,0,0,0,0,0.0%,10,NYJ
67,Aidan O'Connell (LV),0,0,0,0,0,0,0,0,0,0,0,0,0,0,0,1.6%,10,LV
100,Alex McGough (GB),0,0,0,0,0,0,0,0,0,0,0,0,0,0,0,0.0%,10,GB
77,Andy Dalton (CAR),0,0,0,0,0,0,0,0,0,0,0,0,0,0,0,2.1%,10,CAR
74,Anthony Brown Jr. (ARI),0,0,0,0,0,0,0,0,0,0,0,0,0,0,0,0.0%,10,ARI
70,Anthony Richardson (IND),0,0,0,0,0,0,0,0,0,0,0,0,0,0,0,62.6%,10,IND
56,Austin Reed (CHI),0,0,0,0,0,0,0,0,0,0,0,0,0,0,0,0.0%,10,CHI
72,Bailey Zappe (CLE),0,0,0,0,0,0,0,0,0,0,0,0,0,0,0,0.0%,10,CLE
78,Ben Chappell (WAS),0,0,0,0,0,0,0,0,0,0,0,0,0,0,0,0.0%,10,WAS
109,Brandon Allen (SF),0,0,0,0,0,0,0,0,0,0,0,0,0,0,0,3.1%,10,SF
95,Brett Rypien (MIN),0,0,0,0,0,0,0,0,0,0,0,0,0,0,0,0.0%,10,MIN
108,Brett Smith (TB),0,0,0,0,0,0,0,0,0,0,0,0,0,0,0,0.0%,10,TB
92,C.J. Beathard (JAC),0,0,0,0,0,0,0,0,0,0,0,0,1,0.0,0.0,0.0%,10,JAC
113,Carson Wentz (KC),0,0,0,0,0,0,0,0,0,0,0,0,0,0,0,0.1%,10,KC
57,Carter Bradley (LV),0,0,0,0,0,0,0,0,0,0,0,0,0,0,0,0.0%,10,LV
83,Case Keenum (HOU),0,0,0,0,0,0,0,0,0,0,0,0,0,0,0,0.0%,10,HOU
66,Chris Oladokun (KC),0,0,0,0,0,0,0,0,0,0,0,0,0,0,0,0.0%,10,KC
110,Dak Prescott (DAL),0,0,0,0,0,0,0,0,0,0,0,0,0,0,0,61.0%,10,DAL
30,Davis Mills (HOU),0,0,0,0,0,0,0,0,0,0,0,0,0,0,0,0.1%,10,HOU
89,Deshaun Watson (CLE),0,0,0,0,0,0,0,0,0,0,0,0,0,0,0,7.6%,10,CLE
42,Desmond Ridder (LV),0,0,0,0,0,0,0,0,0,0,0,0,0,0,0,0.1%,10,LV
51,Devin Leary (BAL),0,0,0,0,0,0,0,0,0,0,0,0,0,0,0,0.0%,10,BAL
44,Dorian Thompson-Robinson (CLE),0,0,0,0,0,0,0,0,0,0,0,0,0,0,0,0.1%,10,CLE
103,Drew Lock (NYG),0,0,0,0,0,0,0,0,0,0,0,0,0,0,0,0.8%,10,NYG
96,Easton Stick (LAC),0,0,0,0,0,0,0,0,0,0,0,0,0,0,0,0.0%,10,LAC
80,Erik Ainge (NYJ),0,0,0,0,0,0,0,0,0,0,0,0,0,0,0,0.0%,10,NYJ
43,Feleipe Franks (CAR),0,0,0,0,0,0,0,0,0,0,0,0,1,0.0,0.0,0.0%,10,CAR
97,Gardner Minshew II (LV),0,0,0,0,0,0,0,0,0,0,0,0,0,0,0,5.3%,10,LV
82,Geno Smith (SEA),0,0,0,0,0,0,0,0,0,0,0,0,0,0,0,59.2%,10,SEA
68,Hendon Hooker (DET),0,0,0,0,0,0,0,0,0,0,0,0,0,0,0,0.2%,10,DET
81,Hunter Cantwell (BAL),0,0,0,0,0,0,0,0,0,0,0,0,0,0,0,0.0%,10,BAL
63,J.J. McCarthy (MIN),0,0,0,0,0,0,0,0,0,0,0,0,0,0,0,2.0%,10,MIN
58,Jack Plummer (CAR),0,0,0,0,0,0,0,0,0,0,0,0,0,0,0,0.0%,10,CAR
112,Jacoby Brissett (NE),0,0,0,0,0,0,0,0,0,0,0,0,0,0,0,2.4%,10,NE
94,Jake Browning (CIN),0,0,0,0,0,0,0,0,0,0,0,0,0,0,0,0.6%,10,CIN
38,Jake Fromm (DET),0,0,0,0,0,0,0,0,0,0,0,0,0,0,0,0.0%,10,DET
52,Jake Haener (NO),0,0,0,0,0,0,0,0,0,0,0,0,0,0,0,0.0%,10,NO
105,Jameis Winston (CLE),0,0,0,0,0,0,0,0,0,0,0,0,0,0,0,13.1%,10,CLE
73,Jaren Hall (SEA),0,0,0,0,0,0,0,0,0,0,0,0,0,0,0,0.0%,10,SEA
98,Jarrett Stidham (DEN),0,0,0,0,0,0,0,0,0,0,0,0,0,0,0,1.1%,10,DEN
59,Jason Bean (IND),0,0,0,0,0,0,0,0,0,0,0,0,0,0,0,0.0%,10,IND
111,Jeff Driskel (WAS),0,0,0,0,0,0,0,0,0,0,0,0,0,0,0,0.0%,10,WAS
107,Jimmy Garoppolo (LAR),0,0,0,0,0,0,0,0,0,0,0,0,0,0,0,0.1%,10,LAR
55,Joe Milton III (NE),0,0,0,0,0,0,0,0,0,0,0,0,0,0,0,0.1%,10,NE
54,John Rhys Plumlee (SEA),0,0,0,0,0,0,0,0,0,0,0,0,0,0,0,0.0%,10,SEA
39,Jordan Love (GB),0,0,0,0,0,0,0,0,0,0,0,0,0,0,0,88.1%,10,GB
47,Jordan Travis (NYJ),0,0,0,0,0,0,0,0,0,0,0,0,0,0,0,0.1%,10,NYJ
84,Josh Johnson (BAL),0,0,0,0,0,0,0,0,0,0,0,0,0,0,0,0.1%,10,BAL
91,Joshua Dobbs (SF),0,0,0,0,0,0,0,0,0,0,0,0,0,0,0,0.1%,10,SF
35,Justin Fields (PIT),0,0,0,0,0,0,0,0,0,0,0,0,0,0,0,11.1%,10,PIT
60,Kedon Slovis (HOU),0,0,0,0,0,0,0,0,0,0,0,0,0,0,0,0.0%,10,HOU
102,Kyle Allen (PIT),0,0,0,0,0,0,0,0,0,0,0,0,0,0,0,0.0%,10,PIT
33,Kyle Trask (TB),0,0,0,0,0,0,0,0,0,0,0,0,0,0,0,0.0%,10,TB
87,Logan Woodside (CIN),0,0,0,0,0,0,0,0,0,0,0,0,0,0,0,0.0%,10,CIN
45,Malik Cunningham (BAL),0,0,0,0,0,0,0,0,0,0,0,0,0,0,0,0.0%,10,BAL
61,Malik Willis (GB),0,0,0,0,0,0,0,0,0,0,0,0,0,0,0,2.0%,10,GB
104,Marcus Mariota (WAS),0,0,0,0,0,0,0,0,0,0,0,0,0,0,0,0.9%,10,WAS
85,Mason Rudolph (TEN),0,0,0,0,0,0,0,0,0,0,0,0,0,0,0,0.7%,10,TEN
31,Michael Penix Jr. (ATL),0,0,0,0,0,0,0,0,0,0,0,0,0,0,0,1.9%,10,ATL
48,Michael Pratt (TB),0,0,0,0,0,0,0,0,0,0,0,0,0,0,0,0.0%,10,TB
88,Mike White (BUF),0,0,0,0,0,0,0,0,0,0,0,0,0,0,0,0.0%,10,BUF
90,Nathan Peterman (ATL),0,0,0,0,0,0,0,0,0,0,0,0,0,0,0,0.0%,10,ATL
93,Nick Mullens (MIN),0,0,0,0,0,0,0,0,0,0,0,0,0,0,0,0.1%,10,MIN
36,Sam Ehlinger (IND),0,0,0,0,0,0,0,0,0,0,0,0,0,0,0,0.0%,10,IND
69,Sam Hartman (WAS),0,0,0,0,0,0,0,0,0,0,0,0,0,0,0,0.0%,10,WAS
64,Sam Howell (SEA),0,0,0,0,0,0,0,0,0,0,0,0,0,0,0,1.3%,10,SEA
37,Sean Clifford (GB),0,0,0,0,0,0,0,0,0,0,0,0,0,0,0,0.0%,10,GB
41,Shane Buechele (BUF),0,0,0,0,0,0,0,0,0,0,0,0,0,0,0,0.0%,10,BUF
75,Skylar Thompson (MIA),0,0,0,0,0,0,0,0,0,0,0,0,0,0,0,2.0%,10,MIA
65,Spencer Rattler (NO),0,0,0,0,0,0,0,0,0,0,0,0,0,0,0,1.1%,10,NO
71,Stetson Bennett (LAR),0,0,0,0,0,0,0,0,0,0,0,0,0,0,0,0.0%,10,LAR
53,Tanner McKee (PHI),0,0,0,0,0,0,0,0,0,0,0,0,0,0,0,0.0%,10,PHI
50,Tanner Mordecai (SF),0,0,0,0,0,0,0,0,0,0,0,0,0,0,0,0.0%,10,SF
106,Taylor Heinicke (LAC),0,0,0,0,0,0,0,0,0,0,0,0,0,0,0,0.0%,10,LAC
86,Taysom Hill (NO),0,0,0,0,0,0,0,0,4,14,0,0,1,0.0,0.0,45.2%,10,NO
101,Tim Boyle (NYG),0,0,0,0,0,0,0,0,0,0,0,0,0,0,0,0.0%,10,NYG
49,Tommy DeVito (NYG),0,0,0,0,0,0,0,0,0,0,0,0,0,0,0,12.0%,10,NYG
34,Trevor Lawrence (JAC),0,0,0,0,0,0,0,0,0,0,0,0,0,0,0,32.3%,10,JAC
114,Trevor Siemian (TEN),0,0,0,0,0,0,0,0,0,0,0,0,0,0,0,0.0%,10,TEN
40,Tyler Huntley (MIA),0,0,0,0,0,0,0,0,0,0,0,0,0,0,0,1.1%,10,MIA
76,Tyrod Taylor (NYJ),0,0,0,0,0,0,0,0,0,0,0,0,0,0,0,1.0%,10,NYJ
46,Tyson Bagent (CHI),0,0,0,0,0,0,0,0,0,0,0,0,0,0,0,0.1%,10,CHI
99,Will Grier (DAL),0,0,0,0,0,0,0,0,0,0,0,0,0,0,0,0.0%,10,DAL
32,Zach Wilson (DEN),0,0,0,0,0,0,0,0,0,0,0,0,0,0,0,0.1%,10,DEN
116,Clayton Tune (ARI),0,0,0,0,0,0,0,0,1,-1,0,0,1,-0.1,-0.1,0.0%,10,ARI
115,Mitchell Trubisky (BUF),0,0,0,0,0,0,0,0,1,-1,0,0,1,-0.1,-0.1,0.1%,10,BUF
117,Cooper Rush (DAL),13,23,56.5,45,2.0,0,0,1,2,2,0,2,1,-2.0,-2.0,4.2%,10,DAL
1,Jared Goff (DET),24,29,82.8,412,14.2,4,0,0,4,21,0,0,1,34.6,34.6,79.5%,11,DET
2,Joe Burrow (CIN),28,50,56.0,356,7.1,3,0,3,2,28,0,0,1,29.0,29.0,97.3%,11,CIN
3,Bo Nix (DEN),28,33,84.8,307,9.3,4,0,1,2,5,0,0,1,28.8,28.8,64.4%,11,DEN
4,Anthony Richardson (IND),20,30,66.7,272,9.1,1,0,2,10,32,2,1,1,28.1,28.1,62.6%,11,IND
5,Matthew Stafford (LAR),18,27,66.7,295,10.9,4,0,0,4,0,0,0,1,27.8,27.8,51.3%,11,LAR
6,Jameis Winston (CLE),30,46,65.2,395,8.6,2,0,3,1,8,0,0,1,26.6,26.6,13.1%,11,CLE
7,Josh Allen (BUF),27,40,67.5,262,6.6,1,1,0,12,55,1,0,1,25.0,25.0,99.7%,11,BUF
8,Justin Herbert (LAC),17,36,47.2,297,8.3,2,0,2,5,65,0,1,1,24.4,24.4,64.8%,11,LAC
9,Sam Darnold (MIN),20,32,62.5,246,7.7,2,0,2,8,18,1,1,1,23.6,23.6,66.1%,11,MIN
10,Tua Tagovailoa (MIA),28,36,77.8,288,8.0,3,0,2,0,0,0,0,1,23.5,23.5,62.7%,11,MIA
11,Jordan Love (GB),13,17,76.5,261,15.4,1,1,1,4,18,1,0,1,21.2,21.2,88.1%,11,GB
12,Brock Purdy (SF),21,28,75.0,159,5.7,1,1,2,5,40,1,0,1,19.4,19.4,91.5%,11,SF
13,Drake Maye (NE),29,39,74.4,282,7.2,2,1,3,3,27,0,1,1,19.0,19.0,21.5%,11,NE
14,Gardner Minshew II (LV),30,43,69.8,282,6.6,2,1,3,2,7,0,0,1,19.0,19.0,5.3%,11,LV
16,Jalen Hurts (PHI),18,28,64.3,221,7.9,0,0,2,10,39,1,0,1,18.7,18.7,99.7%,11,PHI
15,Derek Carr (NO),21,27,77.8,248,9.2,2,0,1,1,8,0,0,1,18.7,18.7,27.5%,11,NO
17,Patrick Mahomes II (KC),23,33,69.7,196,5.9,3,2,2,0,0,0,0,1,17.8,17.8,97.8%,11,KC
18,Cooper Rush (DAL),32,55,58.2,354,6.4,1,1,5,2,2,0,0,1,17.4,17.4,4.2%,11,DAL
19,Geno Smith (SEA),25,32,78.1,221,6.9,0,1,4,4,29,1,0,1,16.7,16.7,59.2%,11,SEA
20,Will Levis (TEN),17,31,54.8,295,9.5,1,1,5,7,18,0,0,1,16.6,16.6,9.4%,11,TEN
21,Caleb Williams (CHI),23,31,74.2,231,7.5,0,0,3,9,70,0,0,1,16.2,16.2,51.0%,11,CHI
22,Aaron Rodgers (NYJ),22,29,75.9,184,6.3,2,0,3,1,7,0,0,1,16.1,16.1,45.1%,11,NYJ
23,Lamar Jackson (BAL),16,33,48.5,207,6.3,1,1,2,4,46,0,0,1,15.9,15.9,99.8%,11,BAL
24,Jayden Daniels (WAS),22,32,68.8,191,6.0,1,1,3,7,18,0,0,1,14.4,14.4,98.1%,11,WAS
25,C.J. Stroud (HOU),23,34,67.6,257,7.6,0,1,1,3,26,0,0,1,11.9,11.9,93.6%,11,HOU
26,Russell Wilson (PIT),23,36,63.9,205,5.7,0,1,4,4,1,0,0,1,7.3,7.3,38.3%,11,PIT
27,Kirk Cousins (ATL),18,27,66.7,173,6.4,0,1,3,1,0,0,0,1,5.9,5.9,63.9%,11,ATL
28,Mac Jones (JAC),17,29,58.6,138,4.8,0,1,1,2,7,0,0,1,5.2,5.2,1.8%,11,JAC
29,Hendon Hooker (DET),3,4,75.0,37,9.3,0,0,0,4,3,0,0,1,1.8,1.8,0.2%,11,DET
30,Justin Fields (PIT),0,0,0,0,0,0,0,0,2,17,0,0,1,1.7,1.7,11.1%,11,PIT
31,Michael Penix Jr. (ATL),2,4,50.0,24,6.0,0,0,1,0,0,0,0,1,1.0,1.0,1.9%,11,ATL
79,Adam Froman (ATL),0,0,0,0,0,0,0,0,0,0,0,0,0,0,0,0.0%,11,ATL
64,Adrian Martinez (NYJ),0,0,0,0,0,0,0,0,0,0,0,0,0,0,0,0.0%,11,NYJ
68,Aidan O'Connell (LV),0,0,0,0,0,0,0,0,0,0,0,0,0,0,0,1.6%,11,LV
102,Alex McGough (GB),0,0,0,0,0,0,0,0,0,0,0,0,0,0,0,0.0%,11,GB
76,Andy Dalton (CAR),0,0,0,0,0,0,0,0,0,0,0,0,0,0,0,2.1%,11,CAR
71,Anthony Brown Jr. (ARI),0,0,0,0,0,0,0,0,0,0,0,0,0,0,0,0.0%,11,ARI
57,Austin Reed (CHI),0,0,0,0,0,0,0,0,0,0,0,0,0,0,0,0.0%,11,CHI
73,Bailey Zappe (CLE),0,0,0,0,0,0,0,0,0,0,0,0,0,0,0,0.0%,11,CLE
87,Baker Mayfield (TB),0,0,0,0,0,0,0,0,0,0,0,0,0,0,0,84.1%,11,TB
78,Ben Chappell (WAS),0,0,0,0,0,0,0,0,0,0,0,0,0,0,0,0.0%,11,WAS
112,Brandon Allen (SF),0,0,0,0,0,0,0,0,0,0,0,0,0,0,0,3.1%,11,SF
96,Brett Rypien (MIN),0,0,0,0,0,0,0,0,0,0,0,0,0,0,0,0.0%,11,MIN
108,Brett Smith (TB),0,0,0,0,0,0,0,0,0,0,0,0,0,0,0,0.0%,11,TB
32,Bryce Young (CAR),0,0,0,0,0,0,0,0,0,0,0,0,0,0,0,5.2%,11,CAR
94,C.J. Beathard (JAC),0,0,0,0,0,0,0,0,0,0,0,0,0,0,0,0.0%,11,JAC
114,Carson Wentz (KC),0,0,0,0,0,0,0,0,0,0,0,0,0,0,0,0.1%,11,KC
58,Carter Bradley (LV),0,0,0,0,0,0,0,0,0,0,0,0,0,0,0,0.0%,11,LV
82,Case Keenum (HOU),0,0,0,0,0,0,0,0,0,0,0,0,0,0,0,0.0%,11,HOU
70,Chris Oladokun (KC),0,0,0,0,0,0,0,0,0,0,0,0,0,0,0,0.0%,11,KC
52,Clayton Tune (ARI),0,0,0,0,0,0,0,0,0,0,0,0,0,0,0,0.0%,11,ARI
113,Dak Prescott (DAL),0,0,0,0,0,0,0,0,0,0,0,0,0,0,0,61.0%,11,DAL
33,Davis Mills (HOU),0,0,0,0,0,0,0,0,0,0,0,0,0,0,0,0.1%,11,HOU
91,Deshaun Watson (CLE),0,0,0,0,0,0,0,0,0,0,0,0,0,0,0,7.6%,11,CLE
44,Desmond Ridder (LV),0,0,0,0,0,0,0,0,0,0,0,0,0,0,0,0.1%,11,LV
61,Devin Leary (BAL),0,0,0,0,0,0,0,0,0,0,0,0,0,0,0,0.0%,11,BAL
43,Dorian Thompson-Robinson (CLE),0,1,0.0,0,0.0,0,0,0,0,0,0,0,1,0.0,0.0,0.1%,11,CLE
105,Drew Lock (NYG),0,0,0,0,0,0,0,0,0,0,0,0,0,0,0,0.8%,11,NYG
97,Easton Stick (LAC),0,0,0,0,0,0,0,0,0,0,0,0,0,0,0,0.0%,11,LAC
81,Erik Ainge (NYJ),0,0,0,0,0,0,0,0,0,0,0,0,0,0,0,0.0%,11,NYJ
45,Feleipe Franks (CAR),0,0,0,0,0,0,0,0,0,0,0,0,0,0,0,0.0%,11,CAR
80,Hunter Cantwell (BAL),0,0,0,0,0,0,0,0,0,0,0,0,0,0,0,0.0%,11,BAL
65,J.J. McCarthy (MIN),0,0,0,0,0,0,0,0,0,0,0,0,0,0,0,2.0%,11,MIN
59,Jack Plummer (CAR),0,0,0,0,0,0,0,0,0,0,0,0,0,0,0,0.0%,11,CAR
111,Jacoby Brissett (NE),0,0,0,0,0,0,0,0,0,0,0,0,0,0,0,2.4%,11,NE
98,Jake Browning (CIN),0,0,0,0,0,0,0,0,0,0,0,0,0,0,0,0.6%,11,CIN
40,Jake Fromm (DET),0,0,0,0,0,0,0,0,0,0,0,0,0,0,0,0.0%,11,DET
74,Jaren Hall (SEA),0,0,0,0,0,0,0,0,0,0,0,0,0,0,0,0.0%,11,SEA
101,Jarrett Stidham (DEN),0,0,0,0,0,0,0,0,0,0,0,0,1,0.0,0.0,1.1%,11,DEN
60,Jason Bean (IND),0,0,0,0,0,0,0,0,0,0,0,0,0,0,0,0.0%,11,IND
110,Jeff Driskel (WAS),0,0,0,0,0,0,0,0,0,0,0,0,0,0,0,0.0%,11,WAS
107,Jimmy Garoppolo (LAR),0,0,0,0,0,0,0,0,0,0,0,0,0,0,0,0.1%,11,LAR
83,Joe Flacco (IND),0,0,0,0,0,0,0,0,0,0,0,0,0,0,0,6.4%,11,IND
56,Joe Milton III (NE),0,0,0,0,0,0,0,0,0,0,0,0,0,0,0,0.1%,11,NE
55,John Rhys Plumlee (SEA),0,0,0,0,0,0,0,0,0,0,0,0,0,0,0,0.0%,11,SEA
49,Jordan Travis (NYJ),0,0,0,0,0,0,0,0,0,0,0,0,0,0,0,0.1%,11,NYJ
84,Josh Johnson (BAL),0,0,0,0,0,0,0,0,0,0,0,0,0,0,0,0.1%,11,BAL
93,Joshua Dobbs (SF),0,0,0,0,0,0,0,0,0,0,0,0,0,0,0,0.1%,11,SF
62,Kedon Slovis (HOU),0,0,0,0,0,0,0,0,0,0,0,0,0,0,0,0.0%,11,HOU
34,Kenny Pickett (PHI),0,0,0,0,0,0,0,0,0,0,0,0,0,0,0,0.2%,11,PHI
104,Kyle Allen (PIT),0,0,0,0,0,0,0,0,0,0,0,0,0,0,0,0.0%,11,PIT
37,Kyle Trask (TB),0,0,0,0,0,0,0,0,0,0,0,0,0,0,0,0.0%,11,TB
100,Kyler Murray (ARI),0,0,0,0,0,0,0,0,0,0,0,0,0,0,0,94.5%,11,ARI
88,Logan Woodside (CIN),0,0,0,0,0,0,0,0,0,0,0,0,0,0,0,0.0%,11,CIN
47,Malik Cunningham (BAL),0,0,0,0,0,0,0,0,0,0,0,0,0,0,0,0.0%,11,BAL
63,Malik Willis (GB),0,0,0,0,0,0,0,0,0,0,0,0,0,0,0,2.0%,11,GB
106,Marcus Mariota (WAS),0,0,0,0,0,0,0,0,0,0,0,0,0,0,0,0.9%,11,WAS
86,Mason Rudolph (TEN),0,0,0,0,0,0,0,0,0,0,0,0,0,0,0,0.7%,11,TEN
54,Michael Pratt (TB),0,0,0,0,0,0,0,0,0,0,0,0,0,0,0,0.0%,11,TB
89,Mike White (BUF),0,0,0,0,0,0,0,0,0,0,0,0,0,0,0,0.0%,11,BUF
90,Mitchell Trubisky (BUF),0,0,0,0,0,0,0,0,0,0,0,0,0,0,0,0.1%,11,BUF
92,Nathan Peterman (ATL),0,0,0,0,0,0,0,0,0,0,0,0,0,0,0,0.0%,11,ATL
95,Nick Mullens (MIN),0,0,0,0,0,0,0,0,0,0,0,0,0,0,0,0.1%,11,MIN
38,Sam Ehlinger (IND),0,0,0,0,0,0,0,0,0,0,0,0,0,0,0,0.0%,11,IND
69,Sam Hartman (WAS),0,0,0,0,0,0,0,0,0,0,0,0,0,0,0,0.0%,11,WAS
66,Sam Howell (SEA),0,0,0,0,0,0,0,0,0,0,0,0,0,0,0,1.3%,11,SEA
39,Sean Clifford (GB),0,0,0,0,0,0,0,0,0,0,0,0,0,0,0,0.0%,11,GB
42,Shane Buechele (BUF),0,0,0,0,0,0,0,0,0,0,0,0,0,0,0,0.0%,11,BUF
75,Skylar Thompson (MIA),0,0,0,0,0,0,0,0,0,0,0,0,0,0,0,2.0%,11,MIA
67,Spencer Rattler (NO),0,0,0,0,0,0,0,0,0,0,0,0,0,0,0,1.1%,11,NO
72,Stetson Bennett (LAR),0,0,0,0,0,0,0,0,0,0,0,0,0,0,0,0.0%,11,LAR
53,Tanner McKee (PHI),0,0,0,0,0,0,0,0,0,0,0,0,0,0,0,0.0%,11,PHI
50,Tanner Mordecai (SF),0,0,0,0,0,0,0,0,0,0,0,0,0,0,0,0.0%,11,SF
109,Taylor Heinicke (LAC),0,0,0,0,0,0,0,0,0,0,0,0,0,0,0,0.0%,11,LAC
103,Tim Boyle (NYG),0,0,0,0,0,0,0,0,0,0,0,0,0,0,0,0.0%,11,NYG
51,Tommy DeVito (NYG),0,0,0,0,0,0,0,0,0,0,0,0,0,0,0,12.0%,11,NYG
36,Trevor Lawrence (JAC),0,0,0,0,0,0,0,0,0,0,0,0,0,0,0,32.3%,11,JAC
115,Trevor Siemian (TEN),0,0,0,0,0,0,0,0,0,0,0,0,0,0,0,0.0%,11,TEN
46,Trey Lance (DAL),0,0,0,0,0,0,0,0,0,0,0,0,0,0,0,1.1%,11,DAL
41,Tyler Huntley (MIA),0,0,0,0,0,0,0,0,0,0,0,0,0,0,0,1.1%,11,MIA
77,Tyrod Taylor (NYJ),0,0,0,0,0,0,0,0,0,0,0,0,0,0,0,1.0%,11,NYJ
48,Tyson Bagent (CHI),0,0,0,0,0,0,0,0,0,0,0,0,0,0,0,0.1%,11,CHI
99,Will Grier (DAL),0,0,0,0,0,0,0,0,0,0,0,0,0,0,0,0.0%,11,DAL
35,Zach Wilson (DEN),0,0,0,0,0,0,0,0,0,0,0,0,0,0,0,0.1%,11,DEN
85,Taysom Hill (NO),1,2,50.0,18,9.0,0,1,0,7,138,3,1,1,0.0,0.0,45.2%,11,NO
116,Jake Haener (NO),0,0,0,0,0,0,0,0,2,-2,0,0,1,-0.2,-0.2,0.0%,11,NO